id,created_at,scale,T,pH,F1,F2,F3,Y,cost_eur
759269,2026-07-14T00:04:43.797737+00:00,micro,52.59118489998163,3.844141891859744,0.08721199246183337,0.6836827684899448,1.7917881774967293,0.14496054491187968,10
759271,2026-07-14T00:04:43.942762+00:00,micro,27.799375402604028,7.617685465411778,1.8654954290310173,1.282876932471114,0.5064087962782116,0.1392687710665124,10
759272,2026-07-14T00:04:44.112708+00:00,micro,40.7667495975609,5.847652495820062,1.6519149153876682,0.8388798524499211,0.4503723706525232,0.1261986752578026,10
759273,2026-07-14T00:04:44.303937+00:00,micro,31.161586209330324,6.233292390447264,1.1525773855737185,0.9613888359176711,0.2572978767607111,0.15194749380490646,10
759274,2026-07-14T00:04:44.425091+00:00,micro,50.917555326259105,5.592663936540966,1.2093252898523137,0.4329913722188756,1.5295495531746743,0.15287614823170226,10
759275,2026-07-14T00:04:44.544906+00:00,micro,23.344343042560368,3.5837304239201018,1.463016321984869,0.15638753687910123,1.6875119157042555,0.19296467839631418,10
759276,2026-07-14T00:04:44.718687+00:00,micro,47.452161304948646,9.077251537323058,0.4993794591068627,0.310492310136602,1.0825238675381184,0.12736090983764922,10
759277,2026-07-14T00:04:44.841000+00:00,micro,29.441306025700065,9.425088245259374,1.9486371866189365,1.074513121836089,0.09306234834879523,0.14151411712460213,10
759279,2026-07-14T00:04:46.046301+00:00,micro,44.09312676871228,7.966259216175051,0.5623270642442908,0.0021352639357490543,0.9906964666309521,0.16549018289779935,10
759285,2026-07-14T00:04:56.129002+00:00,micro,43.78717659493386,4.030355130382434,1.7724490078749455,1.9887922531214606,1.9595373006945604,0.1920413144117549,10
759286,2026-07-14T00:04:56.301883+00:00,micro,48.058961626547074,4.733741616483668,1.398977739801592,1.80834936054837,1.2636440256586423,0.1707156404115598,10
759287,2026-07-14T00:04:56.422192+00:00,micro,59.4085229241862,4.983322823917364,1.5784455157709467,1.4777118589612253,1.3745059624338678,0.17800065168113022,10
759291,2026-07-14T00:05:00.421112+00:00,micro,56.63128138877851,3.1092803151432196,0.6701140978085043,1.5696044010901686,1.8285616653158505,0.19067372999398077,10
759292,2026-07-14T00:05:00.537856+00:00,micro,21.60161193562942,8.476280036796105,0.733430532779816,1.7139808364561926,0.7982693459774549,0.12532700426961163,10
759296,2026-07-14T00:05:04.414859+00:00,micro,33.400471787479745,7.308738486783371,0.9513025409857547,0.5530144238085198,0.3804121399144603,0.1548028222990408,10
759297,2026-07-14T00:05:05.710133+00:00,micro,35.32761305077921,6.585514011907746,0.8297327671257442,1.1463349331322203,1.1156344852241795,0.18241898561685804,10
759298,2026-07-14T00:05:09.538818+00:00,micro,37.29308385526873,6.341049235353708,0.1901582421202171,1.3515491512872875,1.455671653106921,0.1732700692390653,10
759299,2026-07-14T00:05:10.748615+00:00,micro,55.2419642870705,8.577771366869664,0.27632554312416735,0.2854550640188187,0.12290208493558877,0.10104667004587223,10
759300,2026-07-14T00:05:14.640722+00:00,micro,38.16187102059791,7.1769963816074505,0.38939462195720853,1.6054487162629645,0.8185517554319268,0.13690994684337351,10
759301,2026-07-14T00:05:15.923404+00:00,micro,25.23796359341313,4.36103491179729,1.0580647148950584,0.7154878016140123,0.6839476400323369,0.16599951245798594,10
759302,2026-07-14T00:05:17.663427+00:00,bench,51.034011542503166,3.2228052378471563,1.5944738107873562,0.599415136851005,1.1665952633609196,3.6342838587851065,500
759303,2026-07-14T00:05:19.217282+00:00,bench,22.577357586011836,3.9762113661851752,1.8354613711529193,1.1570788072056617,0.36302350322207766,3.08278012684042,500
759304,2026-07-14T00:05:23.436338+00:00,bench,44.87296155288398,5.415721765942154,0.8643322503964321,1.6051634654003342,1.247628009793154,3.7518220435915937,500
759335,2026-07-14T00:06:28.623460+00:00,bench,49.89020852961322,6.060693428464121,1.421904840153803,1.8818049261155054,0.44493699996978764,3.169807476127573,500
759336,2026-07-14T00:06:29.284067+00:00,bench,28.578278805777828,6.115162430520759,0.54561087245965,0.7273435525408112,1.510621571227314,3.827101255240949,500
759337,2026-07-14T00:06:29.828660+00:00,bench,35.92089327387267,9.410109283903665,0.8584418447924174,0.8119765982320226,0.5036479231112734,3.4846720815796868,500
759338,2026-07-14T00:06:30.310829+00:00,bench,51.27954128852741,3.486406783870247,1.632729189586498,1.3870637554108616,0.33253055018328737,3.015378718141889,500
759339,2026-07-14T00:06:30.839495+00:00,bench,43.64662750879695,9.38262604051532,1.8292957406786938,1.338076911921819,0.196960693487523,2.9905433887150754,500
759340,2026-07-14T00:06:31.341349+00:00,bench,46.6509470629151,6.3530459773742765,1.016528567946265,1.5366349819574865,0.7812918646862266,3.249312930326092,500
759341,2026-07-14T00:06:31.923965+00:00,bench,21.047276478761738,5.068628047949271,1.4268018473092516,0.6152933254576753,1.9671050640121615,4.522669917660675,500
759342,2026-07-14T00:06:32.526363+00:00,bench,29.598374636038763,4.942225744760558,1.197462744464919,1.8670732448566232,1.3738914875269714,3.8803368364704642,500
759343,2026-07-14T00:06:33.118614+00:00,bench,34.93212460838543,9.326481618689556,1.6014597840938307,1.649473164556541,1.570063573921318,4.486255582475627,500
759344,2026-07-14T00:06:33.899000+00:00,bench,23.633433276769907,8.75082865513877,0.6507127707263254,0.7776984331573098,1.6643085405596467,3.998328764966779,500
759345,2026-07-14T00:06:34.611438+00:00,bench,53.646438999923824,5.948351156230456,1.6002710863346572,1.4782354846678618,0.045365544575004524,2.8985763223772167,500
759346,2026-07-14T00:06:35.401960+00:00,bench,58.27247016998842,5.836561837329603,0.9386537653682596,1.23050064025705,1.7347404491110954,4.205571789679264,500
759347,2026-07-14T00:06:36.118011+00:00,pilot,48.77176243218986,5.1643814187004145,0.9807905889297954,0.8654806218213555,1.6491987728070239,1.7204912355362838,2000
759348,2026-07-14T00:06:36.931936+00:00,bench,27.029500583279212,8.43573727333619,1.3145101976049145,0.5690754581038533,1.7034278411762143,4.1745025749043,500
759349,2026-07-14T00:06:37.730405+00:00,bench,28.010209359615516,4.792647368907339,1.2939385307520903,1.6577750132759757,1.76129111750378,4.266143564790579,500
759350,2026-07-14T00:06:38.543627+00:00,bench,24.007999751538378,8.450888201754235,0.47346271883337887,0.12013065383848875,1.6983640740402453,4.005794497149657,500
759351,2026-07-14T00:06:39.425700+00:00,bench,40.47573367145268,4.192432036604768,0.8979177983132569,1.0007498915464221,1.9159482471549438,4.321592850289782,500
759352,2026-07-14T00:06:40.306900+00:00,bench,45.938372305823606,5.576097895377038,0.02534583601175555,0.008116933066719234,1.0061749033594571,2.5226093382424546,500
759353,2026-07-14T00:06:41.125230+00:00,bench,41.292630050697724,7.352034243546222,0.8217335328553925,0.4417834168130679,0.9597676102014006,3.3114265860023115,500
759354,2026-07-14T00:06:42.048023+00:00,bench,35.657662027002296,5.077024193881609,0.9466405825863644,1.837800756558456,1.970445594275529,7.39711036957152,500
759355,2026-07-14T00:06:43.024761+00:00,bench,44.79562857636283,8.396442706972506,0.11327973643012101,1.014045117567413,1.4783437229015104,3.5148954441032325,500
759357,2026-07-14T00:06:43.915424+00:00,bench,30.86721961107375,7.375212667752459,0.5659086580021944,1.7378959044776665,1.5305725589863344,3.7474409334637007,500
759359,2026-07-14T00:06:44.837242+00:00,bench,27.967091007126488,3.904611502288456,1.1294718841384093,1.9540536265804336,1.3677283841764727,3.7922449124129436,500
759360,2026-07-14T00:06:45.831208+00:00,bench,57.3361105396535,7.6699119154993936,1.9074615343552666,1.1225905105906944,0.13431876899042106,2.855029216788738,500
759362,2026-07-14T00:06:46.799202+00:00,bench,56.43822758889976,7.218502802502384,1.3445559739652286,1.5407816702830948,1.377817078843991,3.8286417448421832,500
759364,2026-07-14T00:06:47.728204+00:00,bench,32.107825744209904,6.107355412869346,0.266259879663423,0.12224936549090581,1.7313415386510358,4.076218656182667,500
759365,2026-07-14T00:06:48.700347+00:00,bench,35.9220184196642,4.147744189542628,1.0226296175981178,1.807331991581373,1.9742976458976214,4.46540423166832,500
759367,2026-07-14T00:06:49.738840+00:00,bench,50.716839513184304,3.698613890727178,1.8337912991225531,1.5599954607412676,0.7100894748874822,3.2593733817386648,500
759369,2026-07-14T00:06:50.816781+00:00,bench,49.82235786374351,5.215091590269297,1.5022226546597528,0.09285050715592802,0.8960830553452024,3.3390238349528563,500
759370,2026-07-14T00:06:51.816892+00:00,bench,57.93904881145484,8.359249175542198,0.7502377911823774,1.3303682705440907,1.6067475387255057,3.9906582216162456,500
759398,2026-07-14T00:07:57.516813+00:00,bench,45.25413853853284,6.535932128969879,0.4050996926825907,0.584389336828504,0.2398158808897215,2.922054135135384,500
759400,2026-07-14T00:07:58.918510+00:00,bench,47.13809422567698,3.8243097069520666,0.35028385396908956,1.4798838473210485,1.9800699972195401,4.341956770446148,500
759402,2026-07-14T00:08:00.014040+00:00,bench,33.40803706579556,5.930829218377951,1.9870745632237268,0.9037005421722313,1.288093622062104,4.564455810835342,500
759404,2026-07-14T00:08:01.116835+00:00,bench,33.88789981346906,3.31374974216929,0.7327317517649101,0.1348827416036189,1.2193061287038696,3.697062574829803,500
759406,2026-07-14T00:08:02.224000+00:00,bench,39.09478758028535,4.491601880864636,0.532320045739523,1.4844892283742148,1.6984271510294573,4.007092164202936,500
759407,2026-07-14T00:08:03.311547+00:00,bench,32.36099910787449,9.462825776997992,0.9065701825206833,1.319111854486261,1.7823187003227061,4.21045628714115,500
759409,2026-07-14T00:08:04.430928+00:00,bench,30.1088590861624,9.060707563535583,1.5044826303508587,1.5532318621475734,0.3747676631221024,3.121670109416206,500
759411,2026-07-14T00:08:05.506883+00:00,bench,20.798498983100142,9.015291633421409,0.22145750411150789,1.918806065745717,1.1233553364102284,3.3272207349287166,500
759413,2026-07-14T00:08:06.828880+00:00,bench,51.141757328389275,5.9117279136446985,1.2281863447472414,1.526918103815772,1.8937196742878935,4.262630231119294,500
759414,2026-07-14T00:08:07.929878+00:00,bench,31.461065545583654,8.954362748692613,0.5077780182765301,1.6816768791910097,0.3501402607034225,3.051140881470654,500
759416,2026-07-14T00:08:09.131671+00:00,bench,27.441422578551823,6.334737387836487,1.8198836771189757,0.044924446310898425,1.4604073380355138,3.918408429288059,500
759418,2026-07-14T00:08:10.110979+00:00,bench,46.16873959871969,6.120674980775599,0.41652835084822293,0.1721634371870051,1.829415488589664,4.049245890879177,500
759420,2026-07-14T00:08:11.413007+00:00,bench,48.50122780012376,4.208702297780591,1.2516613267268606,0.73905940726374,0.0668676720228969,2.920989610066191,500
759422,2026-07-14T00:08:12.537430+00:00,bench,42.41364088310502,6.353813449088802,0.957002983566138,0.15391770858539577,1.640864589950466,3.876159885710554,500
759423,2026-07-14T00:08:13.721333+00:00,bench,20.412203960956965,8.851186543534478,1.6946599030806142,0.9684992956735909,1.04542337602023,3.486721924574539,500
759425,2026-07-14T00:08:14.844076+00:00,bench,54.63952409837171,6.788136891329763,1.0728445204526764,1.6798888670508327,0.04806240307588694,2.838972628393104,500
759427,2026-07-14T00:08:16.019419+00:00,bench,37.162922279749885,6.137798982438076,0.04409853879108527,1.4669480715378576,1.3779156374125117,3.602879279151846,500
759429,2026-07-14T00:08:17.321344+00:00,bench,24.299436516179963,5.85716678467417,1.6621387248037218,1.4120665532168422,1.2580585418969887,3.8312632396251374,500
759431,2026-07-14T00:08:18.415155+00:00,bench,48.65459460318553,5.225224512198886,0.7651646386927433,1.0961119696106174,1.3034279709396615,3.638080492276532,500
759432,2026-07-14T00:08:19.528710+00:00,bench,50.73455976507751,8.307919761256663,1.2779674110428887,1.5167346103077572,1.7935982878084515,4.206207473106458,500
759434,2026-07-14T00:08:20.851079+00:00,pilot,35.657662027002296,5.077024193881609,0.9466405825863644,1.837800756558456,1.970445594275529,3.699491114932876,2000
