id,created_at,scale,T,pH,F1,F2,F3,Y,cost_eur,projected_pilot_Y,measured_pilot_Y,best_projected_pilot_Y,best_T,best_pH,best_F1,best_F2,best_F3
654446,2026-07-12T21:15:31.136312+00:00,micro,43.35394789982725,3.346239020890345,0.5856247818212919,1.922602038169,0.0721094722124647,0.1096959657940932,10,2.0077445293917524,1.126674809811112,2.0077445293917524,43.35394789982725,3.346239020890345,0.5856247818212919,1.922602038169,0.0721094722124647
654449,2026-07-12T21:15:31.441823+00:00,micro,26.59080406287459,8.712616270622823,1.519703222916561,0.023990313295965,1.9684362136754607,0.2386801013093976,10,4.368516783726756,1.9278519884353493,4.368516783726756,26.59080406287459,8.712616270622823,1.519703222916561,0.023990313295965,1.9684362136754607
654501,2026-07-12T21:15:57.508409+00:00,micro,39.71581699490409,3.856803500339745,0.811338927672203,1.1715926577537843,1.8725018084673064,0.1731813959780449,10,3.169706359302316,1.8313593530461312,4.368516783726756,26.59080406287459,8.712616270622823,1.519703222916561,0.023990313295965,1.9684362136754607
654502,2026-07-12T21:15:57.706588+00:00,micro,31.103892003575552,5.94844822899517,1.9528275519589533,0.897470654933689,0.8705151628267604,0.1210404567426922,10,2.215380603115171,1.4230048597190903,4.368516783726756,26.59080406287459,8.712616270622823,1.519703222916561,0.023990313295965,1.9684362136754607
654504,2026-07-12T21:15:57.849099+00:00,micro,40.54962966492568,6.67084119518721,1.0735876155031885,1.7975951168342494,0.941807880587939,0.1723194823846873,10,3.153930917704761,1.415136226632977,4.368516783726756,26.59080406287459,8.712616270622823,1.519703222916561,0.023990313295965,1.9684362136754607
654506,2026-07-12T21:15:58.045550+00:00,micro,28.205485502480386,6.275416242225014,0.1694394981912395,1.6157585670446348,1.4665632034349083,0.1276633654355939,10,2.3365984491916074,1.4812830219740833,4.368516783726756,26.59080406287459,8.712616270622823,1.519703222916561,0.023990313295965,1.9684362136754607
654508,2026-07-12T21:15:58.224906+00:00,micro,49.81938543379894,4.977231227211776,0.3754513644915362,0.3088467392317589,1.063182768475882,0.129481826493638,10,2.3698813982478493,1.393784076731303,4.368516783726756,26.59080406287459,8.712616270622823,1.519703222916561,0.023990313295965,1.9684362136754607
654510,2026-07-12T21:15:58.414422+00:00,micro,33.90011385751949,7.753433015957267,1.413507512509591,1.522408030740151,0.4315453913496285,0.1784873796682479,10,3.266820775953184,3.4535948918187,4.368516783726756,26.59080406287459,8.712616270622823,1.519703222916561,0.023990313295965,1.9684362136754607
654512,2026-07-12T21:15:58.610223+00:00,micro,55.04434014444478,5.282201091848508,0.0040428532726384,1.0377003858689529,1.5923767280290062,0.1374645186487811,10,2.5159871040346156,0.9035413769646586,4.368516783726756,26.59080406287459,8.712616270622823,1.519703222916561,0.023990313295965,1.9684362136754607
654515,2026-07-12T21:15:58.826780+00:00,micro,46.23455920903193,3.983461515105829,1.7899708110738768,1.4539153542381276,0.3219745806536696,0.1156000251991487,10,2.115805412815256,1.2390432482241698,4.368516783726756,26.59080406287459,8.712616270622823,1.519703222916561,0.023990313295965,1.9684362136754607
654517,2026-07-12T21:15:59.014199+00:00,micro,45.25200070337088,9.062205975002437,0.4136130815097962,0.9590645201785748,1.368786916113211,0.1406687215782806,10,2.574633024658891,1.5243028348148906,4.368516783726756,26.59080406287459,8.712616270622823,1.519703222916561,0.023990313295965,1.9684362136754607
654520,2026-07-12T21:15:59.301331+00:00,micro,56.50000293731712,4.923329679880611,1.683390986975,0.6117309719682327,0.1956438589029449,0.0995934040459143,10,1.8228392510990046,1.2071354749009156,4.368516783726756,26.59080406287459,8.712616270622823,1.519703222916561,0.023990313295965,1.9684362136754607
654523,2026-07-12T21:15:59.531258+00:00,micro,20.757210151695634,8.312714555722504,0.2083318718017599,0.1266063229704304,0.2834086162296501,0.1128289134571752,10,2.0650862783420343,1.0959454575907075,4.368516783726756,26.59080406287459,8.712616270622823,1.519703222916561,0.023990313295965,1.9684362136754607
654525,2026-07-12T21:15:59.867908+00:00,micro,36.18518878007708,5.810850568450533,0.9467897831890508,1.84818205583862,0.6501453592000964,0.183857605004474,10,3.3651109953095415,2.9065195090076172,4.368516783726756,26.59080406287459,8.712616270622823,1.519703222916561,0.023990313295965,1.9684362136754607
654530,2026-07-12T21:16:01.225518+00:00,micro,22.897518990427216,7.901091457354713,1.842673031341493,0.2474126372517356,1.7234131687392538,0.1708164322481218,10,3.1264208751316778,1.7895533938108275,4.368516783726756,26.59080406287459,8.712616270622823,1.519703222916561,0.023990313295965,1.9684362136754607
654533,2026-07-12T21:16:05.323194+00:00,micro,52.27912192403141,9.227380117737416,1.2497551630990853,0.4090774013022646,1.1671259265888634,0.1594121219524278,10,2.917689939204237,1.5119319368745348,4.368516783726756,26.59080406287459,8.712616270622823,1.519703222916561,0.023990313295965,1.9684362136754607
654534,2026-07-12T21:16:06.717248+00:00,micro,50.14387697590494,6.980437876807594,0.7586058994028918,1.256427006496866,0.5408119015646581,0.1230516012706012,10,2.2521902013031734,1.2748907497657833,4.368516783726756,26.59080406287459,8.712616270622823,1.519703222916561,0.023990313295965,1.9684362136754607
654537,2026-07-12T21:16:10.725286+00:00,micro,34.325283338257954,7.439851913308665,1.1664128144795778,0.5763736890531963,0.729374566647507,0.2249595741285171,10,4.117392567914738,4.637690011020735,4.368516783726756,26.59080406287459,8.712616270622823,1.519703222916561,0.023990313295965,1.9684362136754607
654538,2026-07-12T21:16:10.917324+00:00,micro,58.86451098707295,3.0121352430358828,0.6672308960464298,1.304147164690826,1.6948275544248232,0.1653264021853089,10,3.025937892507695,1.7190806918092691,4.368516783726756,26.59080406287459,8.712616270622823,1.519703222916561,0.023990313295965,1.9684362136754607
654539,2026-07-12T21:16:11.137953+00:00,micro,24.90977682636085,4.440127062073756,1.3471583913120022,0.7182021602692145,1.2897115565224369,0.1826133472141244,10,3.342337580137495,1.5622220295990548,4.368516783726756,26.59080406287459,8.712616270622823,1.519703222916561,0.023990313295965,1.9684362136754607
654558,2026-07-12T21:16:37.727790+00:00,bench,27.339249998373703,8.55307208005933,1.3330208418532197,0.0598134093276625,1.6754306620396529,4.149430316562139,500,2.7713547152680538,1.7509706127414149,4.368516783726756,26.59080406287459,8.712616270622823,1.519703222916561,0.023990313295965,1.9684362136754607
654559,2026-07-12T21:16:38.403967+00:00,bench,27.33142155493229,8.335020772682881,1.5701669859204477,0.0141873455328225,1.990927339537624,4.363972671456481,500,2.9146449795937266,1.9466413178148223,4.368516783726756,26.59080406287459,8.712616270622823,1.519703222916561,0.023990313295965,1.9684362136754607
654603,2026-07-12T21:17:05.235259+00:00,bench,26.59021585713756,9.269778589224916,1.90074896068114,0.1562343103292196,1.8381958822099311,4.323458899931234,500,2.8875863177572723,1.8625778701895357,4.368516783726756,26.59080406287459,8.712616270622823,1.519703222916561,0.023990313295965,1.9684362136754607
654613,2026-07-12T21:17:06.005948+00:00,micro,33.900573164514995,7.911066268065448,1.253730418160703,1.555585059943433,0.6897817880918993,0.2276936744848084,10,4.16743428999097,3.8666016136348254,4.368516783726756,26.59080406287459,8.712616270622823,1.519703222916561,0.023990313295965,1.9684362136754607
654625,2026-07-12T21:17:06.826331+00:00,bench,34.04138847140286,8.14919262703943,1.1775421661741734,0.7877839952586851,0.6634915267063348,10.090807137741278,500,6.739528997611747,5.019432784409744,6.739528997611747,34.04138847140286,8.14919262703943,1.1775421661741734,0.7877839952586851,0.6634915267063348
654632,2026-07-12T21:17:07.605869+00:00,bench,32.9224456789492,8.175015007999846,1.182711162483368,0.7328792400127557,0.7171693773518248,4.789815644826573,500,3.1990603913919307,2.057319189479003,6.739528997611747,34.04138847140286,8.14919262703943,1.1775421661741734,0.7877839952586851,0.6634915267063348
654635,2026-07-12T21:17:08.514864+00:00,micro,34.03342723487685,8.031574809717963,1.2632088858564374,0.5573409249598322,0.7121804114860024,0.2380630778168221,10,4.357223519359587,5.362609692634741,6.739528997611747,34.04138847140286,8.14919262703943,1.1775421661741734,0.7877839952586851,0.6634915267063348
654636,2026-07-12T21:17:09.428269+00:00,micro,39.475948894575886,5.4849922697746045,0.9506353163353116,1.8930907104895656,0.6499137823072947,0.139269126364441,10,2.5490164979834806,1.313177803176721,6.739528997611747,34.04138847140286,8.14919262703943,1.1775421661741734,0.7877839952586851,0.6634915267063348
654637,2026-07-12T21:17:10.421931+00:00,micro,34.24900605425284,8.146336357812263,1.163909093140127,0.6570137583777129,0.150655224486736,0.2287334966681574,10,4.186465958886414,5.566657772956784,6.739528997611747,34.04138847140286,8.14919262703943,1.1775421661741734,0.7877839952586851,0.6634915267063348
654638,2026-07-12T21:17:11.328605+00:00,micro,39.07393021378194,8.152684442820597,1.1916537945454777,0.0577562351774736,0.5376949737767367,0.170655450963118,10,3.123474465097716,1.3311943311354282,6.739528997611747,34.04138847140286,8.14919262703943,1.1775421661741734,0.7877839952586851,0.6634915267063348
654639,2026-07-12T21:17:12.226087+00:00,micro,33.83953614821414,8.140597718182299,1.2369235683857789,1.5900153312314105,0.659008098344726,0.2039943003109492,10,3.733669123668544,3.7167379508401517,6.739528997611747,34.04138847140286,8.14919262703943,1.1775421661741734,0.7877839952586851,0.6634915267063348
654640,2026-07-12T21:17:13.133840+00:00,micro,34.12445109376152,8.033341887188719,1.2348874234929856,0.6388906365589389,0.6951298402121466,0.215639611165462,10,3.9468110472749403,5.687883199243266,6.739528997611747,34.04138847140286,8.14919262703943,1.1775421661741734,0.7877839952586851,0.6634915267063348
654641,2026-07-12T21:17:14.105841+00:00,micro,33.10003785213879,8.154113543862083,0.8969735305185715,0.9977125288110024,0.430360787735716,0.1388615693104588,10,2.541557058252727,2.0805765625710433,6.739528997611747,34.04138847140286,8.14919262703943,1.1775421661741734,0.7877839952586851,0.6634915267063348
654643,2026-07-12T21:17:15.209924+00:00,micro,34.11357987609794,8.128765433050813,1.258488175988064,0.5764976207442118,0.2516792359757906,0.2171843086843039,10,3.975083354014473,5.173315708160364,6.739528997611747,34.04138847140286,8.14919262703943,1.1775421661741734,0.7877839952586851,0.6634915267063348
654644,2026-07-12T21:17:16.553743+00:00,micro,33.943475927840325,8.971050847475368,0.8357765837407829,0.7957620646640338,1.0552069462149165,0.1622323152645239,10,2.9693074043789953,1.985027088191934,6.739528997611747,34.04138847140286,8.14919262703943,1.1775421661741734,0.7877839952586851,0.6634915267063348
654646,2026-07-12T21:17:17.810450+00:00,micro,34.040693535998685,8.42387205202793,1.1939347849918085,0.4739343910020028,0.5667753385889129,0.1818168179503257,10,3.3277588555662185,4.302165570811761,6.739528997611747,34.04138847140286,8.14919262703943,1.1775421661741734,0.7877839952586851,0.6634915267063348
654648,2026-07-12T21:17:19.015893+00:00,micro,34.37753536205635,8.13087499969036,1.1708870921944077,1.2726409917036616,0.7712357193440571,0.260746635671444,10,4.772396391580298,6.265030168843013,6.739528997611747,34.04138847140286,8.14919262703943,1.1775421661741734,0.7877839952586851,0.6634915267063348
654649,2026-07-12T21:17:20.230581+00:00,micro,34.131621922734695,8.109330332583447,1.20090387168067,0.3157739243415385,0.9661931865514052,0.2546982086976069,10,4.661693175830854,6.849637670109236,6.739528997611747,34.04138847140286,8.14919262703943,1.1775421661741734,0.7877839952586851,0.6634915267063348
654651,2026-07-12T21:17:21.676284+00:00,micro,33.859253812380246,8.15728009531372,1.0732329444512123,0.9431649603983504,0.4132505628441603,0.2066396647087189,10,3.7820867282670516,3.858255937254745,6.739528997611747,34.04138847140286,8.14919262703943,1.1775421661741734,0.7877839952586851,0.6634915267063348
654652,2026-07-12T21:17:22.860710+00:00,micro,34.04725689699283,8.039962780347944,1.2612779583219325,1.522053132341816,1.1156481615274518,0.2789194141118835,10,5.105009320720535,5.003651517225051,6.739528997611747,34.04138847140286,8.14919262703943,1.1775421661741734,0.7877839952586851,0.6634915267063348
654653,2026-07-12T21:17:24.015563+00:00,micro,34.13682512804507,8.109095156928484,1.7254568936911576,0.3250911396714364,1.8406562882915405,0.381491009747539,10,6.982357849608364,9.004612616009405,6.982357849608364,34.13682512804507,8.109095156928484,1.7254568936911576,0.3250911396714364,1.8406562882915405
654655,2026-07-12T21:17:25.233045+00:00,micro,34.094152052604485,8.102324263566306,1.4410466125987305,0.885120907357708,1.3457772147152944,0.2876375124118878,10,5.264575026184936,6.260182489538706,6.982357849608364,34.13682512804507,8.109095156928484,1.7254568936911576,0.3250911396714364,1.8406562882915405
654658,2026-07-12T21:17:26.738514+00:00,micro,34.1898026895678,8.16677362337106,1.1765969164155912,1.3989406929597792,1.5640261802181297,0.3745531888037533,10,6.855376224122413,6.426804487047913,6.982357849608364,34.13682512804507,8.109095156928484,1.7254568936911576,0.3250911396714364,1.8406562882915405
654659,2026-07-12T21:17:28.009186+00:00,micro,34.12048034229877,8.346175628269574,1.1769345893446694,1.3805603031917295,1.6486292366419344,0.3100568149594607,10,5.674911283464981,5.61951738057488,6.982357849608364,34.13682512804507,8.109095156928484,1.7254568936911576,0.3250911396714364,1.8406562882915405
654662,2026-07-12T21:17:29.338430+00:00,micro,34.276715554966415,8.17064628408087,1.1761869091692114,1.5835655647863085,0.7243762507504039,0.2652435398345842,10,4.854702378563365,5.379737070156558,6.982357849608364,34.13682512804507,8.109095156928484,1.7254568936911576,0.3250911396714364,1.8406562882915405
654664,2026-07-12T21:17:30.503243+00:00,micro,34.009093769281975,8.056433042636648,1.0822732458777384,0.7737355485236317,0.965377681902606,0.2649731242682657,10,4.84975301356158,5.2629678283470644,6.982357849608364,34.13682512804507,8.109095156928484,1.7254568936911576,0.3250911396714364,1.8406562882915405
654669,2026-07-12T21:17:42.010587+00:00,micro,34.32538067475626,8.123914264729741,1.2424681240419946,1.463978074487532,0.6214721473975979,0.2484854806209271,10,4.547982788048991,5.634500398935725,6.982357849608364,34.13682512804507,8.109095156928484,1.7254568936911576,0.3250911396714364,1.8406562882915405
654704,2026-07-12T21:18:09.126427+00:00,micro,34.22651108748791,6.968498267810499,1.1653810268847289,1.3561153063504354,1.7395529959755578,0.2153107855670471,10,3.940792614495191,3.07007082561422,6.982357849608364,34.13682512804507,8.109095156928484,1.7254568936911576,0.3250911396714364,1.8406562882915405
654707,2026-07-12T21:18:10.598497+00:00,micro,33.81770242241588,8.237673179394882,1.1711200806626734,0.870579318947311,0.569944847809938,0.2190143362504068,10,4.008578002681644,3.8082994879940286,6.982357849608364,34.13682512804507,8.109095156928484,1.7254568936911576,0.3250911396714364,1.8406562882915405
654709,2026-07-12T21:18:11.910944+00:00,micro,33.96288456780445,8.139722290794323,1.2649821067390847,1.0263997493514507,1.6536159219168491,0.3005024347654245,10,5.500039268551393,5.8652654132684345,6.982357849608364,34.13682512804507,8.109095156928484,1.7254568936911576,0.3250911396714364,1.8406562882915405
654715,2026-07-12T21:18:13.308334+00:00,micro,34.123777021258014,8.144255145127453,1.7252569432972298,0.6718493003426049,1.6088196791268683,0.2948563245639761,10,5.396699580649111,7.345171642562857,6.982357849608364,34.13682512804507,8.109095156928484,1.7254568936911576,0.3250911396714364,1.8406562882915405
654724,2026-07-12T21:18:16.048420+00:00,micro,33.941068699939535,8.193837736180065,1.3484425708840746,0.9805156747998792,1.273983370704948,0.2586644183172749,10,4.7342859608860195,5.144687275730142,6.982357849608364,34.13682512804507,8.109095156928484,1.7254568936911576,0.3250911396714364,1.8406562882915405
654726,2026-07-12T21:18:17.508190+00:00,micro,34.07942369482027,8.200656057258,0.858607744617853,1.0496372114213155,0.6547059804533513,0.2488337394703101,10,4.554356903948325,4.7253714000242875,6.982357849608364,34.13682512804507,8.109095156928484,1.7254568936911576,0.3250911396714364,1.8406562882915405
654727,2026-07-12T21:18:18.938759+00:00,micro,34.00176616203751,8.209507130252547,1.3090032293892029,1.0440526401047985,0.6635371450785859,0.2163429758241227,10,3.9596845976864867,4.548434944897938,6.982357849608364,34.13682512804507,8.109095156928484,1.7254568936911576,0.3250911396714364,1.8406562882915405
654729,2026-07-12T21:18:20.407236+00:00,micro,34.17841661322982,8.168040273515361,1.8211908831412615,0.3044995182105501,1.660568217501871,0.3255180957024369,10,5.957896182721615,8.85183877373247,6.982357849608364,34.13682512804507,8.109095156928484,1.7254568936911576,0.3250911396714364,1.8406562882915405
654731,2026-07-12T21:18:22.111388+00:00,micro,33.99435620436172,8.26837575631411,1.052216215987796,0.719104091668032,0.38904440991072,0.1910550192820677,10,3.4968439085210403,4.300076915814848,6.982357849608364,34.13682512804507,8.109095156928484,1.7254568936911576,0.3250911396714364,1.8406562882915405
654733,2026-07-12T21:18:23.504770+00:00,micro,34.15923770954727,8.149691919099443,1.7670314624053447,0.4144304663831863,1.3108645091897797,0.3280787173547131,10,6.004762756865733,7.537424105284999,6.982357849608364,34.13682512804507,8.109095156928484,1.7254568936911576,0.3250911396714364,1.8406562882915405
654734,2026-07-12T21:18:24.942362+00:00,micro,34.195922764576494,8.253018579323463,1.7156280045430623,0.2542094387217579,1.9967786602413176,0.3898332460475409,10,7.135044223924637,9.790218119177062,7.135044223924637,34.195922764576494,8.253018579323463,1.7156280045430623,0.2542094387217579,1.9967786602413176
654735,2026-07-12T21:18:26.396533+00:00,micro,34.08624444006517,7.698080605791009,1.7407202947986402,0.1955722987152075,1.8729924747456737,0.3327033768214556,10,6.089407025024882,7.886879110558367,7.135044223924637,34.195922764576494,8.253018579323463,1.7156280045430623,0.2542094387217579,1.9967786602413176
654736,2026-07-12T21:18:27.941553+00:00,micro,33.99790062617288,8.236427169318805,1.1387562981533332,1.1716530635706732,1.3665243635147115,0.2588946362334038,10,4.7384995958937415,5.2186406627711825,7.135044223924637,34.195922764576494,8.253018579323463,1.7156280045430623,0.2542094387217579,1.9967786602413176
654749,2026-07-12T21:18:29.535421+00:00,micro,34.20976523897916,8.669097759194031,1.656657025346952,0.3671786768980254,1.9923953880516416,0.313749854600679,10,5.7425042900337075,5.289027323635831,7.135044223924637,34.195922764576494,8.253018579323463,1.7156280045430623,0.2542094387217579,1.9967786602413176
654761,2026-07-12T21:18:30.909226+00:00,micro,34.27616476488686,8.21404596985893,1.2182018041054918,1.3596162113364734,1.585411062784961,0.3291421118161285,10,6.024225864711466,6.87826370861609,7.135044223924637,34.195922764576494,8.253018579323463,1.7156280045430623,0.2542094387217579,1.9967786602413176
654763,2026-07-12T21:18:32.614932+00:00,micro,34.030344904114656,8.643558435966556,1.1460591272584453,0.8103283062927473,0.3914103664939272,0.1426571550948581,10,2.6110269474988748,2.7728754597926546,7.135044223924637,34.195922764576494,8.253018579323463,1.7156280045430623,0.2542094387217579,1.9967786602413176
654765,2026-07-12T21:18:34.302507+00:00,micro,34.228475180199666,8.190843163142155,1.1661222563744027,1.3888116544527875,0.8811373128298496,0.2571461718103,10,4.706497782017448,5.49515767279492,7.135044223924637,34.195922764576494,8.253018579323463,1.7156280045430623,0.2542094387217579,1.9967786602413176
654767,2026-07-12T21:18:35.930202+00:00,micro,34.28346704523406,8.121336538275001,0.945770938869039,1.4411437416421482,1.6207022731136602,0.3622425722359489,10,6.63005733578842,6.943900336836805,7.135044223924637,34.195922764576494,8.253018579323463,1.7156280045430623,0.2542094387217579,1.9967786602413176
654768,2026-07-12T21:18:37.808132+00:00,micro,33.988654847218875,8.27661955790433,1.65979629202646,0.1796426245366875,1.9047137069447628,0.2816017509863674,10,5.154103625572546,7.949356559562154,7.135044223924637,34.195922764576494,8.253018579323463,1.7156280045430623,0.2542094387217579,1.9967786602413176
654878,2026-07-12T21:19:44.325812+00:00,micro,34.1943640276279,8.074487043136997,1.635251580273335,1.4984691678350452,1.548032890529479,0.3166651146688175,10,5.795861744076694,6.485936985661746,7.135044223924637,34.195922764576494,8.253018579323463,1.7156280045430623,0.2542094387217579,1.9967786602413176
654881,2026-07-12T21:19:46.541618+00:00,micro,33.98567225482421,8.149660891550443,0.9351836086373476,0.8131886660860861,0.6374069153587367,0.2400539321749514,10,4.393661750404954,4.636394380916151,7.135044223924637,34.195922764576494,8.253018579323463,1.7156280045430623,0.2542094387217579,1.9967786602413176
654884,2026-07-12T21:19:48.207475+00:00,micro,34.2678399710351,7.874748357460382,1.7696279411343665,0.3735878957575891,1.8335527213422416,0.3792235450050288,10,6.9408568709770355,9.447848783499404,7.135044223924637,34.195922764576494,8.253018579323463,1.7156280045430623,0.2542094387217579,1.9967786602413176
654886,2026-07-12T21:19:49.925213+00:00,micro,34.18959454031914,7.8784519244815,1.7052551652677603,0.4692170148893897,1.5880764434820185,0.3258677174864399,10,5.964295244155704,7.900980284961141,7.135044223924637,34.195922764576494,8.253018579323463,1.7156280045430623,0.2542094387217579,1.9967786602413176
654888,2026-07-12T21:19:51.812716+00:00,micro,34.11253089384001,8.140796200309536,1.267503330139774,0.7472171725282346,0.4383887367542325,0.2179015624753549,10,3.9882111145911123,5.151210915563,7.135044223924637,34.195922764576494,8.253018579323463,1.7156280045430623,0.2542094387217579,1.9967786602413176
654931,2026-07-12T21:20:19.217205+00:00,micro,34.12601583654309,8.014562216357692,1.6162790800483324,0.330822957057258,1.908661751469343,0.4150401937643864,10,7.596402223872942,9.008002327433305,7.596402223872942,34.12601583654309,8.014562216357692,1.6162790800483324,0.330822957057258,1.908661751469343
654940,2026-07-12T21:20:21.218026+00:00,micro,34.080856863988714,8.047973578881024,1.7152273586230264,0.3582749144062811,1.940237468968555,0.3802829808199049,10,6.960247524463344,8.685208053084837,7.596402223872942,34.12601583654309,8.014562216357692,1.6162790800483324,0.330822957057258,1.908661751469343
654954,2026-07-12T21:20:33.397506+00:00,micro,34.139077239319406,8.343018381533565,1.871062300409506,0.4116345214787364,1.8016395062535933,0.3724231136164292,10,6.81638986055303,7.631708895882865,7.596402223872942,34.12601583654309,8.014562216357692,1.6162790800483324,0.330822957057258,1.908661751469343
654956,2026-07-12T21:20:35.228851+00:00,micro,34.198917715805614,8.348204565975736,1.500177705583794,0.3393756717842493,1.892966542255419,0.3522529689301354,10,6.4472195145171405,8.4022279159594,7.596402223872942,34.12601583654309,8.014562216357692,1.6162790800483324,0.330822957057258,1.908661751469343
654959,2026-07-12T21:20:37.037694+00:00,micro,34.16200873711661,8.83839668368147,1.3907316349426992,0.817780064950191,0.8072372670569927,0.1571783520544509,10,2.8768056709440764,2.451984263745018,7.596402223872942,34.12601583654309,8.014562216357692,1.6162790800483324,0.330822957057258,1.908661751469343
654961,2026-07-12T21:20:38.908280+00:00,micro,34.350946525792175,8.044627190197552,0.9698017124559336,1.4830984453015714,1.6399518852350778,0.3924827294793613,10,7.183537218424878,7.314869584465786,7.596402223872942,34.12601583654309,8.014562216357692,1.6162790800483324,0.330822957057258,1.908661751469343
654963,2026-07-12T21:20:41.226270+00:00,micro,34.13328449443129,8.298779145829027,1.2134049035312795,0.8161944386303173,0.5772873493359658,0.2582999028371129,10,4.727614302946041,4.926870443466671,7.596402223872942,34.12601583654309,8.014562216357692,1.6162790800483324,0.330822957057258,1.908661751469343
654979,2026-07-12T21:20:43.420952+00:00,micro,34.24201829297342,8.194406362752739,1.2895827911942852,1.5570779646808486,1.646730949003008,0.3554957813806088,10,6.506572097906601,6.673016223976522,7.596402223872942,34.12601583654309,8.014562216357692,1.6162790800483324,0.330822957057258,1.908661751469343
654984,2026-07-12T21:20:45.621826+00:00,micro,34.09599036537306,8.04420989323378,1.7179040401026415,0.226114288647359,1.767297186538352,0.3440524785333882,10,6.297127488678161,8.812748697092994,7.596402223872942,34.12601583654309,8.014562216357692,1.6162790800483324,0.330822957057258,1.908661751469343
654986,2026-07-12T21:20:47.718937+00:00,micro,34.33143872597636,7.891039422813249,1.69818186743984,0.3926215962568116,1.901043106083225,0.4046004912646094,10,7.405326322123297,10.162627136914182,7.596402223872942,34.12601583654309,8.014562216357692,1.6162790800483324,0.330822957057258,1.908661751469343
654989,2026-07-12T21:20:49.932428+00:00,micro,34.38896177082001,7.731332582615079,1.0896586224164415,1.5871507221546135,1.6560455218763137,0.3621296284593582,10,6.627990147191854,6.667062344662342,7.596402223872942,34.12601583654309,8.014562216357692,1.6162790800483324,0.330822957057258,1.908661751469343
654992,2026-07-12T21:20:52.116372+00:00,micro,34.1666488824142,7.874095634325966,1.5160559277161825,0.3757037631698292,1.8645033775072997,0.3693768606978763,10,6.760634869126557,8.659153075464896,7.596402223872942,34.12601583654309,8.014562216357692,1.6162790800483324,0.330822957057258,1.908661751469343
654994,2026-07-12T21:20:54.814387+00:00,micro,34.17856290821851,7.946983829882007,1.5955176123055068,0.4362339574476188,1.6335319634985328,0.3495858809032307,10,6.39840430644034,8.195104330623025,7.596402223872942,34.12601583654309,8.014562216357692,1.6162790800483324,0.330822957057258,1.908661751469343
655036,2026-07-12T21:21:23.024741+00:00,micro,34.22315215835151,8.181475743962618,1.817520296382962,0.3880261694829108,1.7928419697740476,0.385393761133112,10,7.0537891705984945,9.241304914138745,7.596402223872942,34.12601583654309,8.014562216357692,1.6162790800483324,0.330822957057258,1.908661751469343
655044,2026-07-12T21:21:26.620958+00:00,micro,34.31918101193979,7.782827321428505,0.9703872177342484,1.608011791109456,1.4886487614716295,0.3121480722857432,10,5.713187171060295,6.152829471684193,7.596402223872942,34.12601583654309,8.014562216357692,1.6162790800483324,0.330822957057258,1.908661751469343
655046,2026-07-12T21:21:29.220102+00:00,micro,34.08794863223091,7.903741089822617,1.7319987874107698,0.439491570475087,1.950483707450953,0.3887082771368848,10,7.114454130572024,8.243555671526208,7.596402223872942,34.12601583654309,8.014562216357692,1.6162790800483324,0.330822957057258,1.908661751469343
655053,2026-07-12T21:21:35.605074+00:00,micro,34.138464287190104,8.575775415982923,1.6360228471628353,0.2802123884890664,1.827466172626966,0.288703766085646,10,5.284090465653788,5.7711814131734265,7.596402223872942,34.12601583654309,8.014562216357692,1.6162790800483324,0.330822957057258,1.908661751469343
655056,2026-07-12T21:21:38.122463+00:00,micro,34.27174406144158,8.0476718774351,1.7732344269075164,0.2570635995453258,1.969252827624146,0.4430787329314115,10,8.109586306963099,10.889147254544595,8.109586306963099,34.27174406144158,8.0476718774351,1.7732344269075164,0.2570635995453258,1.969252827624146
655063,2026-07-12T21:21:44.520505+00:00,micro,34.11581668064982,8.042838164842376,1.899401379796156,0.312115806748815,1.7959066874168308,0.3751956809797493,10,6.867135636988646,8.759402599594667,8.109586306963099,34.27174406144158,8.0476718774351,1.7732344269075164,0.2570635995453258,1.969252827624146
655067,2026-07-12T21:21:47.202954+00:00,micro,34.10937292918126,8.110645941719813,1.9647382486031213,0.2210146270713744,1.9230618881660555,0.3701240598798703,10,6.774310714533948,9.469828258414081,8.109586306963099,34.27174406144158,8.0476718774351,1.7732344269075164,0.2570635995453258,1.969252827624146
655069,2026-07-12T21:21:49.332233+00:00,micro,34.34978729002633,7.84679771944309,1.7501274691898194,0.4204123283994523,1.9597951016650847,0.4088810303633533,10,7.483672220225716,10.208091160040626,8.109586306963099,34.27174406144158,8.0476718774351,1.7732344269075164,0.2570635995453258,1.969252827624146
655072,2026-07-12T21:21:51.904466+00:00,micro,34.462220345540416,8.102803147314354,1.6251281513293616,0.2735106327833616,1.946108258582521,0.4951222941273085,10,9.062129771298537,12.561847998782596,9.062129771298537,34.462220345540416,8.102803147314354,1.6251281513293616,0.2735106327833616,1.946108258582521
655074,2026-07-12T21:21:54.333157+00:00,micro,34.790754591966746,7.882325311473384,1.6258287309476198,0.3680744110346856,1.818279900164492,0.5714399556882713,10,10.458957506810805,14.007179167832232,10.458957506810805,34.790754591966746,7.882325311473384,1.6258287309476198,0.3680744110346856,1.818279900164492
655077,2026-07-12T21:21:56.823695+00:00,micro,34.76563836919052,7.840527630755157,1.5984006078678574,0.4129538464861402,1.8788866186921973,0.5550168580186107,10,10.158368654128465,13.493437329548788,10.458957506810805,34.790754591966746,7.882325311473384,1.6258287309476198,0.3680744110346856,1.818279900164492
655080,2026-07-12T21:21:59.315065+00:00,micro,34.79751206659343,7.775405433035705,1.5151652775240414,0.3280595891750457,1.8531841534240947,0.5357455044233134,10,9.805648711559568,13.605737496544329,10.458957506810805,34.790754591966746,7.882325311473384,1.6258287309476198,0.3680744110346856,1.818279900164492
655144,2026-07-12T21:22:27.616706+00:00,micro,34.85708262137348,7.692104374279186,1.4985826975890668,0.2932826675742652,1.889366094465295,0.5255883188590966,10,9.61974366388578,13.63208788453926,10.458957506810805,34.790754591966746,7.882325311473384,1.6258287309476198,0.3680744110346856,1.818279900164492
655148,2026-07-12T21:22:30.510594+00:00,micro,34.86243347670646,7.879432796458778,1.71125481200768,0.4553236986456792,1.7980941054561614,0.5668468771211378,10,10.374891257888407,14.071616833410877,10.458957506810805,34.790754591966746,7.882325311473384,1.6258287309476198,0.3680744110346856,1.818279900164492
655162,2026-07-12T21:22:36.612290+00:00,micro,35.04549591219955,8.271669558775255,1.710955246738825,0.4641631369223029,1.807605024488377,0.7058194007423655,10,12.918479091920775,15.290020561732446,12.918479091920775,35.04549591219955,8.271669558775255,1.710955246738825,0.4641631369223029,1.807605024488377
655167,2026-07-12T21:22:39.703089+00:00,micro,35.15507714007757,8.626734347567929,1.70821491608835,0.4637619318389139,1.947331332731268,0.4215117577382575,10,7.714850036161113,9.719418210859772,12.918479091920775,35.04549591219955,8.271669558775255,1.710955246738825,0.4641631369223029,1.807605024488377
655173,2026-07-12T21:22:45.800636+00:00,micro,34.976205031098935,8.087800939039106,1.4365910284149237,0.4478052779248567,1.638248012228778,0.5978652330043305,10,10.942614363149222,15.022318094257143,12.918479091920775,35.04549591219955,8.271669558775255,1.710955246738825,0.4641631369223029,1.807605024488377
655175,2026-07-12T21:22:48.510609+00:00,micro,34.94780289776543,7.90568089364488,1.7424287285281654,0.4800674063700867,1.7527229531809296,0.5977349708438782,10,10.940230199446011,14.634638776977752,12.918479091920775,35.04549591219955,8.271669558775255,1.710955246738825,0.4641631369223029,1.807605024488377
655180,2026-07-12T21:22:52.406062+00:00,micro,35.21339044250543,7.788745080564398,1.9297555701980111,0.4223949775787488,1.8136795086768904,0.765535523601971,10,14.011452002272913,16.388688225070265,14.011452002272913,35.21339044250543,7.788745080564398,1.9297555701980111,0.4223949775787488,1.8136795086768904
655183,2026-07-12T21:22:55.418888+00:00,micro,34.925476212354944,8.231034084161177,1.355315037654723,0.4224382715013925,1.8881833404002224,0.6409778422440647,10,11.731696301780932,15.176511363791048,14.011452002272913,35.21339044250543,7.788745080564398,1.9297555701980111,0.4223949775787488,1.8136795086768904
655187,2026-07-12T21:22:58.509003+00:00,micro,35.275720148842986,8.199233473500065,1.9965031065090448,0.4220346353824262,1.9159842484669,0.928834392735395,10,17.000280340535706,18.623223383887474,17.000280340535706,35.275720148842986,8.199233473500065,1.9965031065090448,0.4220346353824262,1.9159842484669
655191,2026-07-12T21:23:02.209182+00:00,micro,35.36096181026309,8.053768025780304,1.6802673786022553,0.3540430108118286,1.956633372736424,1.0438880691496988,10,19.106086034801866,20.204642776992895,19.106086034801866,35.36096181026309,8.053768025780304,1.6802673786022553,0.3540430108118286,1.956633372736424
655237,2026-07-12T21:23:31.401558+00:00,micro,35.80038137667886,8.20883972517702,1.808081066833549,0.3723644446243053,1.8687054839017248,1.1211774170392002,10,20.52069836153666,21.2551992746954,20.52069836153666,35.80038137667886,8.20883972517702,1.808081066833549,0.3723644446243053,1.8687054839017248
655240,2026-07-12T21:23:34.444755+00:00,micro,35.866872381939174,8.028261450477864,1.1715500734212254,0.3583628857936063,1.8112641619737064,1.0575946679215755,10,19.356955321576358,21.288301786161256,20.52069836153666,35.80038137667886,8.20883972517702,1.808081066833549,0.3723644446243053,1.8687054839017248
655244,2026-07-12T21:23:37.297212+00:00,micro,36.026980744279776,8.170139974273795,1.955418943076076,0.4120336620614311,1.8498047517712275,1.2189173621127245,10,22.309614103367757,21.551479930304442,22.309614103367757,36.026980744279776,8.170139974273795,1.955418943076076,0.4120336620614311,1.8498047517712275
655247,2026-07-12T21:23:40.313932+00:00,micro,35.77566010066572,8.114893251131786,1.683743954524209,0.5718172048498105,1.8305597547896293,1.1552840953260668,10,21.14494644805898,20.0364148498977,22.309614103367757,36.026980744279776,8.170139974273795,1.955418943076076,0.4120336620614311,1.8498047517712275
655258,2026-07-12T21:23:43.004435+00:00,micro,36.14433724712612,7.905251339067135,1.6475980709193638,0.3026673024586888,1.832114373247283,1.0688244314143576,10,19.562491560359447,21.42367896573505,22.309614103367757,36.026980744279776,8.170139974273795,1.955418943076076,0.4120336620614311,1.8498047517712275
655262,2026-07-12T21:23:47.019925+00:00,micro,35.84440131896784,7.933202956079981,1.675171797357469,0.412692583550045,1.8143316056360717,1.068288468673506,10,19.552681935610597,20.67848460520992,22.309614103367757,36.026980744279776,8.170139974273795,1.955418943076076,0.4120336620614311,1.8498047517712275
655266,2026-07-12T21:23:50.144629+00:00,micro,36.398988165633696,8.07770881768326,1.9020847503398983,0.6402053471653988,1.94156726542376,1.1125248753795571,10,20.362332526870585,18.967194222334427,22.309614103367757,36.026980744279776,8.170139974273795,1.955418943076076,0.4120336620614311,1.8498047517712275
655269,2026-07-12T21:23:53.709146+00:00,micro,36.25440341199743,7.886924318890652,1.3516959808919429,0.3974938313857195,1.9964669122005545,1.1084674140676571,10,20.28806957933907,20.78704324711691,22.309614103367757,36.026980744279776,8.170139974273795,1.955418943076076,0.4120336620614311,1.8498047517712275
655272,2026-07-12T21:23:57.299710+00:00,micro,36.549545698870965,8.141487701705929,1.3394373880043742,0.3919888548408714,1.7224237452964342,0.7543841495834385,10,13.807350511221403,17.68839102742817,22.309614103367757,36.026980744279776,8.170139974273795,1.955418943076076,0.4120336620614311,1.8498047517712275
655277,2026-07-12T21:24:00.614244+00:00,micro,35.719988552264255,7.975980775425132,1.9053117040515843,0.5874864379242288,1.942230932535596,1.2376286610961569,10,22.65208347222601,20.155104969921478,22.65208347222601,35.719988552264255,7.975980775425132,1.9053117040515843,0.5874864379242288,1.942230932535596
655280,2026-07-12T21:24:03.526266+00:00,micro,35.60456774195185,8.067589624285445,1.8673714596422608,0.6228243960850399,1.871916237294219,1.0887575051272722,10,19.927322841175993,19.380434461358288,22.65208347222601,35.719988552264255,7.975980775425132,1.9053117040515843,0.5874864379242288,1.942230932535596
655326,2026-07-12T21:24:33.233381+00:00,micro,35.754900073173864,8.26939222283941,1.6866102199385424,0.5751330838693829,1.9933689584548384,1.1171781849022813,10,20.447501171589504,19.592548686622425,22.65208347222601,35.719988552264255,7.975980775425132,1.9053117040515843,0.5874864379242288,1.942230932535596
655332,2026-07-12T21:24:36.911945+00:00,micro,35.58844333009313,8.271634143559478,1.7874697546164977,0.4299748536761276,1.988028078827344,1.010932337153443,10,18.502903500707745,19.914268744193404,22.65208347222601,35.719988552264255,7.975980775425132,1.9053117040515843,0.5874864379242288,1.942230932535596
655342,2026-07-12T21:24:41.236442+00:00,micro,36.18431895925207,8.133838227205228,1.847311531349324,0.3631073156043309,1.9948837666253505,1.3074567517549285,10,23.93013381804437,22.540179458641415,23.93013381804437,36.18431895925207,8.133838227205228,1.847311531349324,0.3631073156043309,1.9948837666253505
655359,2026-07-12T21:24:45.506985+00:00,micro,36.166917729019765,8.213169689559253,1.660322882368383,0.6255377847372816,1.9785778408856265,1.1841119707732664,10,21.672577603900617,20.02579665814992,23.93013381804437,36.18431895925207,8.133838227205228,1.847311531349324,0.3631073156043309,1.9948837666253505
655362,2026-07-12T21:24:48.922334+00:00,micro,35.80445040792966,7.954549494769906,1.7765239434888664,0.3858274504667498,1.987190044455796,1.240212777194999,10,22.699380060785174,21.9455257760597,23.93013381804437,36.18431895925207,8.133838227205228,1.847311531349324,0.3631073156043309,1.9948837666253505
655366,2026-07-12T21:24:52.546232+00:00,micro,36.02834385014494,8.03275758986737,1.6746635635764542,0.1766225034602688,1.7887666770476278,1.050328400683178,10,19.223962205636475,23.206872974668993,23.93013381804437,36.18431895925207,8.133838227205228,1.847311531349324,0.3631073156043309,1.9948837666253505
655371,2026-07-12T21:24:56.222527+00:00,micro,35.7485008246142,8.171166149943884,1.5014894191511592,0.2122706277504007,1.995092586597131,1.1681321064214685,10,21.380101166864023,23.412716020654546,23.93013381804437,36.18431895925207,8.133838227205228,1.847311531349324,0.3631073156043309,1.9948837666253505
655378,2026-07-12T21:25:00.023805+00:00,bench,35.96774919262948,7.960981437757247,1.7507711986378176,0.3936075921876079,1.8854886508443376,33.90815192422296,500,22.646847772365426,21.629434574006012,23.93013381804437,36.18431895925207,8.133838227205228,1.847311531349324,0.3631073156043309,1.9948837666253505
655392,2026-07-12T21:25:04.445312+00:00,bench,35.6769453206354,8.149653772468994,1.9820292836421376,0.3838034986695078,1.8729536253159245,33.34386308687564,500,22.2699660293672,21.26777535928746,23.93013381804437,36.18431895925207,8.133838227205228,1.847311531349324,0.3631073156043309,1.9948837666253505
655444,2026-07-12T21:25:34.639978+00:00,micro,36.36443580821394,8.085619008554803,0.7303357058165463,0.2882817200379515,1.9403656810985093,0.9414288640816352,10,17.230794569230856,20.82605905376353,23.93013381804437,36.18431895925207,8.133838227205228,1.847311531349324,0.3631073156043309,1.9948837666253505
655478,2026-07-12T21:25:38.729530+00:00,micro,36.26941884150951,8.022143726738417,1.525942447950297,0.3188450942825023,1.897855555925429,1.111419387994752,10,20.342099000203614,21.67008240155052,23.93013381804437,36.18431895925207,8.133838227205228,1.847311531349324,0.3631073156043309,1.9948837666253505
655481,2026-07-12T21:25:43.436769+00:00,micro,36.18680031472018,8.09000428446689,1.1802098555991452,0.470411482516563,1.9022112773502664,1.136507213834043,10,20.801276734941073,20.83016411151058,23.93013381804437,36.18431895925207,8.133838227205228,1.847311531349324,0.3631073156043309,1.9948837666253505
655484,2026-07-12T21:25:48.107139+00:00,bench,35.71344591475171,8.154015975476272,1.8968414021928857,0.3632128919909037,1.9779834928676756,34.42486393456585,500,22.991953523529318,22.136033460279737,23.93013381804437,36.18431895925207,8.133838227205228,1.847311531349324,0.3631073156043309,1.9948837666253505
655486,2026-07-12T21:25:52.808704+00:00,micro,35.896724697303945,8.174095368511061,1.893680315166589,0.2215845133361802,1.907794416525922,1.2000586703813585,10,21.9644470329013,23.32056442627983,23.93013381804437,36.18431895925207,8.133838227205228,1.847311531349324,0.3631073156043309,1.9948837666253505
655490,2026-07-12T21:25:56.543415+00:00,micro,36.10864625486552,8.039050653816894,1.966076736511856,0.4622679687367641,1.7856843541623066,1.1781305806928677,10,21.563101351741803,20.843808987486188,23.93013381804437,36.18431895925207,8.133838227205228,1.847311531349324,0.3631073156043309,1.9948837666253505
655494,2026-07-12T21:26:00.508880+00:00,micro,36.02101611401133,8.158872154534976,1.2509555975245303,0.617500983305405,1.889633338568228,1.1428872541242294,10,20.91804940654474,20.04296275387833,23.93013381804437,36.18431895925207,8.133838227205228,1.847311531349324,0.3631073156043309,1.9948837666253505
655497,2026-07-12T21:26:04.519800+00:00,bench,35.84188703278768,8.10273965579734,1.8448617177176752,0.2927834893300707,1.9888866897828883,36.09653886335548,500,24.108445148368762,23.31925531151437,24.108445148368762,35.84188703278768,8.10273965579734,1.8448617177176752,0.2927834893300707,1.9888866897828883
655501,2026-07-12T21:26:08.328172+00:00,micro,36.29294941943283,7.945157906688938,1.323755353403769,0.4810301882963106,1.947247229694444,1.090768859619322,10,19.96413628229798,20.07069569704213,24.108445148368762,35.84188703278768,8.10273965579734,1.8448617177176752,0.2927834893300707,1.9888866897828883
655504,2026-07-12T21:26:12.227099+00:00,micro,36.17531938367376,8.25682367238631,1.595534327346279,0.7022705934585052,1.990067486772897,1.1287847264215438,10,20.65993350738022,19.070166932908,24.108445148368762,35.84188703278768,8.10273965579734,1.8448617177176752,0.2927834893300707,1.9888866897828883
655509,2026-07-12T21:26:16.109945+00:00,micro,35.90622323904008,8.17040316812591,1.075271156518557,0.3856834794751245,1.8156636973678784,1.0750818360265035,10,19.677019654326084,20.953146764124252,24.108445148368762,35.84188703278768,8.10273965579734,1.8448617177176752,0.2927834893300707,1.9888866897828883
655513,2026-07-12T21:26:20.021098+00:00,bench,35.80990892337816,7.950122810065022,1.5975575996718971,0.3014217288062824,1.954761476151084,34.77627188317478,500,23.226654675509838,22.369834999073845,24.108445148368762,35.84188703278768,8.10273965579734,1.8448617177176752,0.2927834893300707,1.9888866897828883
655518,2026-07-12T21:26:24.624696+00:00,micro,35.94080326985798,7.811702702842242,1.5008479919720397,0.2945757813960339,1.8772338097185848,0.9890848449428766,10,18.103032979953774,20.955853036935697,24.108445148368762,35.84188703278768,8.10273965579734,1.8448617177176752,0.2927834893300707,1.9888866897828883
655536,2026-07-12T21:26:29.006079+00:00,micro,35.84760784514113,8.11632208510027,1.9111417995485187,0.6610525989553349,1.901738112602334,1.2481956608547018,10,22.845489271643704,20.136402191498266,24.108445148368762,35.84188703278768,8.10273965579734,1.8448617177176752,0.2927834893300707,1.9888866897828883
655543,2026-07-12T21:26:32.813271+00:00,micro,36.23114819770091,8.03143285336816,1.97772175481682,0.171528411190754,1.9210683767891752,1.1189729019408057,10,20.480349538344097,23.510131573566298,24.108445148368762,35.84188703278768,8.10273965579734,1.8448617177176752,0.2927834893300707,1.9888866897828883
655572,2026-07-12T21:26:41.044422+00:00,micro,36.1318593344244,8.066383384228445,1.691435751121357,0.6627007198146964,1.9475998731835396,1.2708775023012853,10,23.260630728772487,20.29975165232209,24.108445148368762,35.84188703278768,8.10273965579734,1.8448617177176752,0.2927834893300707,1.9888866897828883
655606,2026-07-12T21:26:45.600413+00:00,micro,35.92142264409997,8.063383497389689,1.9671971712143697,0.8711641678602473,1.964328753809641,1.2643316014754709,10,23.14082234313286,19.472761442514937,24.108445148368762,35.84188703278768,8.10273965579734,1.8448617177176752,0.2927834893300707,1.9888866897828883
655609,2026-07-12T21:26:49.525966+00:00,micro,35.70053601994903,8.021899719205983,1.9842503114119867,0.7945895469915218,1.9155836367631087,1.179724226358294,10,21.592269547157073,18.979706344014456,24.108445148368762,35.84188703278768,8.10273965579734,1.8448617177176752,0.2927834893300707,1.9888866897828883
655612,2026-07-12T21:26:53.729534+00:00,micro,35.60158756319224,7.940485510299406,0.4505766774240338,0.0007235072201132,1.966147798267445,0.3647311390360293,10,6.675605103591165,3.0941210200252187,24.108445148368762,35.84188703278768,8.10273965579734,1.8448617177176752,0.2927834893300707,1.9888866897828883
655616,2026-07-12T21:26:59.129846+00:00,micro,35.96988042679905,8.003052800877889,1.636724330345775,0.8057941018308286,1.9962967023815996,1.2659608141326093,10,23.170641514475275,19.743212174205567,24.108445148368762,35.84188703278768,8.10273965579734,1.8448617177176752,0.2927834893300707,1.9888866897828883
655629,2026-07-12T21:27:13.710738+00:00,micro,36.47145348306879,8.129053988829297,1.254129400483495,0.4287163954181909,1.959576283691824,0.976306617818146,10,17.869155503974756,19.41701734260833,24.108445148368762,35.84188703278768,8.10273965579734,1.8448617177176752,0.2927834893300707,1.9888866897828883
655637,2026-07-12T21:27:19.120269+00:00,bench,36.00786304394494,7.99654903286729,1.868413812048038,0.655120376525814,1.956453466834812,32.06296443645033,500,21.41446919153194,20.469042021425448,24.108445148368762,35.84188703278768,8.10273965579734,1.8448617177176752,0.2927834893300707,1.9888866897828883
655644,2026-07-12T21:27:25.115997+00:00,micro,35.846329241032166,8.156418428888639,1.6516968923914512,1.053184095609467,1.9468421920073624,1.1764120125424258,10,21.531646723693648,18.176083893659452,24.108445148368762,35.84188703278768,8.10273965579734,1.8448617177176752,0.2927834893300707,1.9888866897828883
655663,2026-07-12T21:27:30.217856+00:00,micro,35.893508695373484,8.26607775277937,1.0590845874960366,0.8831549848650573,1.9685671187862075,1.0465965497388583,10,19.15565884312242,17.726235637216956,24.108445148368762,35.84188703278768,8.10273965579734,1.8448617177176752,0.2927834893300707,1.9888866897828883
655667,2026-07-12T21:27:34.635920+00:00,micro,35.66619898644285,7.919918454425067,1.2314111652724675,0.9036137642395474,1.990795032406368,1.024685079076661,10,18.754617336860182,17.83894996946458,24.108445148368762,35.84188703278768,8.10273965579734,1.8448617177176752,0.2927834893300707,1.9888866897828883
655678,2026-07-12T21:27:40.100324+00:00,micro,35.96895099002754,8.250107306853,1.8869820595835052,0.7710898827536077,1.9434920275057264,1.1530436774914117,10,21.10394050387026,18.961957375007916,24.108445148368762,35.84188703278768,8.10273965579734,1.8448617177176752,0.2927834893300707,1.9888866897828883
655720,2026-07-12T21:27:55.905661+00:00,micro,36.303128604907,8.054911980980911,1.0736359207895303,1.0602312253226696,1.9177018387438352,1.0137823860868973,10,18.55506740767751,16.982187958532904,24.108445148368762,35.84188703278768,8.10273965579734,1.8448617177176752,0.2927834893300707,1.9888866897828883
655725,2026-07-12T21:28:00.524662+00:00,bench,36.19648382088337,8.069147334577982,1.689178842040192,0.3722101842770011,1.862912703361995,33.868802526219746,500,22.620566781631855,21.597965529626936,24.108445148368762,35.84188703278768,8.10273965579734,1.8448617177176752,0.2927834893300707,1.9888866897828883
655729,2026-07-12T21:28:05.019492+00:00,micro,36.04047487395829,8.188953813389807,0.9891973096964182,0.7076299447354493,1.9946196644145957,1.1412171346634794,10,20.88748152570721,19.609837735539468,24.108445148368762,35.84188703278768,8.10273965579734,1.8448617177176752,0.2927834893300707,1.9888866897828883
655731,2026-07-12T21:28:10.109550+00:00,bench,36.06928666342513,8.196875451495906,1.786484708230877,0.4465649111504328,1.930400860536524,33.532284581313,500,22.395810484443977,21.42722147666073,24.108445148368762,35.84188703278768,8.10273965579734,1.8448617177176752,0.2927834893300707,1.9888866897828883
655736,2026-07-12T21:28:15.717020+00:00,bench,36.21219039822131,8.173980460435214,1.3757265381979662,0.4533655986156724,1.9243262124399496,32.66547853557399,500,21.81688112816744,20.860873726712175,24.108445148368762,35.84188703278768,8.10273965579734,1.8448617177176752,0.2927834893300707,1.9888866897828883
655739,2026-07-12T21:28:21.133893+00:00,bench,36.03731830687257,8.052694192256489,1.7315744661479675,0.5073067142966698,1.7930248295839888,32.679499982946204,500,21.826245884609975,20.627662704565367,24.108445148368762,35.84188703278768,8.10273965579734,1.8448617177176752,0.2927834893300707,1.9888866897828883
655748,2026-07-12T21:28:28.012120+00:00,micro,36.129810464393145,7.968071105716061,1.4182672841376591,0.3178215598526706,1.987877117495059,1.2034157362167477,10,22.025890774400985,22.566365672675214,24.108445148368762,35.84188703278768,8.10273965579734,1.8448617177176752,0.2927834893300707,1.9888866897828883
655771,2026-07-12T21:28:35.140898+00:00,micro,35.78932625285039,8.04397234674273,1.5167136241285308,0.4299333363975821,1.8402093912022333,1.1286627088601364,10,20.6577002430151,20.96504517491468,24.108445148368762,35.84188703278768,8.10273965579734,1.8448617177176752,0.2927834893300707,1.9888866897828883
655782,2026-07-12T21:28:40.798369+00:00,micro,36.089993239081366,8.095191937712814,1.288658671462773,0.7119292090949683,1.9176261544136863,1.1808611654854373,10,21.61307872911968,19.733056586887493,24.108445148368762,35.84188703278768,8.10273965579734,1.8448617177176752,0.2927834893300707,1.9888866897828883
655845,2026-07-12T21:29:13.721828+00:00,micro,35.98899272882683,8.074567136691506,1.9831679522512848,0.8185496829899876,1.9486973032404435,1.291950833871233,10,23.646331933637576,19.749662148695432,24.108445148368762,35.84188703278768,8.10273965579734,1.8448617177176752,0.2927834893300707,1.9888866897828883
655850,2026-07-12T21:29:19.725565+00:00,bench,35.78035743248428,8.176664846135438,1.6913625304332502,0.6700318290451273,1.9266723954141671,31.13566573836925,500,20.795137518667964,19.714766599718136,24.108445148368762,35.84188703278768,8.10273965579734,1.8448617177176752,0.2927834893300707,1.9888866897828883
655858,2026-07-12T21:29:26.133892+00:00,micro,36.0723524357055,8.036688802716238,1.5873157313077872,1.2363438694693374,1.8199240835689847,1.0959153315453651,10,20.058331185277154,17.020758527582448,24.108445148368762,35.84188703278768,8.10273965579734,1.8448617177176752,0.2927834893300707,1.9888866897828883
655866,2026-07-12T21:29:31.442133+00:00,pilot,35.84188703278768,8.10273965579734,1.8448617177176752,0.2927834893300707,1.9888866897828883,23.320645353788407,2000,23.320645353788407,23.322782157928177,24.108445148368762,35.84188703278768,8.10273965579734,1.8448617177176752,0.2927834893300707,1.9888866897828883
