id,created_at,scale,T,pH,F1,F2,F3,Y,cost_eur,projected_pilot_Y,measured_pilot_Y,cumulative_best_projected_pilot_Y,cumulative_best_T,cumulative_best_pH,cumulative_best_F1,cumulative_best_F2,cumulative_best_F3,best_projected_pilot_Y,best_T,best_pH,best_F1,best_F2,best_F3
518896,2026-07-11T10:59:26.912204+00:00,micro,20.0,3.0,0.0,0.0,0.0,0.077277619405401,10,0.7760921481807656,0.646382590710913,0.7760921481807656,20.0,3.0,0.0,0.0,0.0,0.7760921481807656,20.0,3.0,0.0,0.0,0.0
518897,2026-07-11T10:59:27.051407+00:00,micro,20.0,3.0,0.0,0.0,2.0,0.1333382669527011,10,1.3391041653489353,0.9608195958294696,1.3391041653489353,20.0,3.0,0.0,0.0,2.0,1.3391041653489353,20.0,3.0,0.0,0.0,2.0
518898,2026-07-11T10:59:27.220296+00:00,micro,20.0,3.0,0.0,2.0,0.0,0.081849527824123,10,0.8220074112708149,0.6461779743374906,1.3391041653489353,20.0,3.0,0.0,0.0,2.0,1.3391041653489353,20.0,3.0,0.0,0.0,2.0
518899,2026-07-11T10:59:27.375910+00:00,micro,20.0,3.0,0.0,2.0,2.0,0.199994181339503,10,2.0085234899016626,0.9551629886358431,2.008523489901662,20.0,3.0,0.0,2.0,2.0,2.0085234899016626,20.0,3.0,0.0,2.0,2.0
518999,2026-07-11T11:00:32.525183+00:00,micro,20.0,3.0,2.0,0.0,0.0,0.113785328444745,10,1.142735770894674,1.160622716444901,2.008523489901662,20.0,3.0,0.0,2.0,2.0,2.0085234899016626,20.0,3.0,0.0,2.0,2.0
519000,2026-07-11T11:00:32.681369+00:00,micro,20.0,3.0,2.0,0.0,2.0,0.2305790319626781,10,2.3156843807852763,1.9548455684316848,2.3156843807852763,20.0,3.0,2.0,0.0,2.0,2.3156843807852763,20.0,3.0,2.0,0.0,2.0
519001,2026-07-11T11:00:32.829180+00:00,micro,20.0,3.0,2.0,2.0,0.0,0.1247619892351629,10,1.2529733832620604,1.1632475885582296,2.3156843807852763,20.0,3.0,2.0,0.0,2.0,2.3156843807852763,20.0,3.0,2.0,0.0,2.0
519002,2026-07-11T11:00:33.001249+00:00,micro,20.0,3.0,2.0,2.0,2.0,0.2322217047368633,10,2.3321815950095846,1.964351735715312,2.332181595009585,20.0,3.0,2.0,2.0,2.0,2.3321815950095846,20.0,3.0,2.0,2.0,2.0
519004,2026-07-11T11:00:33.209131+00:00,micro,20.0,9.5,0.0,0.0,0.0,0.0796740957868615,10,0.8001597439123982,0.6442404045964815,2.332181595009585,20.0,3.0,2.0,2.0,2.0,2.3321815950095846,20.0,3.0,2.0,2.0,2.0
519005,2026-07-11T11:00:33.356195+00:00,micro,20.0,9.5,0.0,0.0,2.0,0.1954164618061781,10,1.9625498663128018,0.9589354886060226,2.332181595009585,20.0,3.0,2.0,2.0,2.0,2.3321815950095846,20.0,3.0,2.0,2.0,2.0
519006,2026-07-11T11:00:33.496008+00:00,micro,20.0,9.5,0.0,2.0,0.0,0.1053809361939917,10,1.0583312190175875,0.6460337010419975,2.332181595009585,20.0,3.0,2.0,2.0,2.0,2.3321815950095846,20.0,3.0,2.0,2.0,2.0
519007,2026-07-11T11:00:33.654583+00:00,micro,20.0,9.5,0.0,2.0,2.0,0.1714806197601575,10,1.7221643677047362,0.9576232674848634,2.332181595009585,20.0,3.0,2.0,2.0,2.0,2.3321815950095846,20.0,3.0,2.0,2.0,2.0
519008,2026-07-11T11:00:33.808636+00:00,micro,20.0,9.5,2.0,0.0,0.0,0.1329788957252889,10,1.3354950325880832,1.1657601848951398,2.332181595009585,20.0,3.0,2.0,2.0,2.0,2.3321815950095846,20.0,3.0,2.0,2.0,2.0
519009,2026-07-11T11:00:33.951086+00:00,micro,20.0,9.5,2.0,0.0,2.0,0.2096705397665871,10,2.105702283141221,1.9647513540124824,2.332181595009585,20.0,3.0,2.0,2.0,2.0,2.3321815950095846,20.0,3.0,2.0,2.0,2.0
519010,2026-07-11T11:00:34.107465+00:00,micro,20.0,9.5,2.0,2.0,0.0,0.1653295567742906,10,1.6603897980036024,1.167119261551652,2.332181595009585,20.0,3.0,2.0,2.0,2.0,2.3321815950095846,20.0,3.0,2.0,2.0,2.0
519011,2026-07-11T11:00:34.303481+00:00,micro,20.0,9.5,2.0,2.0,2.0,0.2149058697677537,10,2.158280229230961,1.9658800487262107,2.332181595009585,20.0,3.0,2.0,2.0,2.0,2.3321815950095846,20.0,3.0,2.0,2.0,2.0
519012,2026-07-11T11:00:34.520302+00:00,micro,60.0,3.0,0.0,0.0,0.0,0.0944421507181406,10,0.948473985011638,0.6454663394726622,2.332181595009585,20.0,3.0,2.0,2.0,2.0,2.3321815950095846,20.0,3.0,2.0,2.0,2.0
519013,2026-07-11T11:00:34.801248+00:00,micro,60.0,3.0,0.0,0.0,2.0,0.1617154214868823,10,1.6240933639182564,0.9554219505092229,2.332181595009585,20.0,3.0,2.0,2.0,2.0,2.3321815950095846,20.0,3.0,2.0,2.0,2.0
519014,2026-07-11T11:00:35.004429+00:00,micro,60.0,3.0,0.0,2.0,0.0,0.1283864208509809,10,1.2893732224431553,0.6518483082794045,2.332181595009585,20.0,3.0,2.0,2.0,2.0,2.3321815950095846,20.0,3.0,2.0,2.0,2.0
519016,2026-07-11T11:00:35.235580+00:00,micro,60.0,3.0,0.0,2.0,2.0,0.1605949023848072,10,1.6128400918364008,0.9594393570836676,2.332181595009585,20.0,3.0,2.0,2.0,2.0,2.3321815950095846,20.0,3.0,2.0,2.0,2.0
519018,2026-07-11T11:00:35.498772+00:00,micro,60.0,3.0,2.0,0.0,0.0,0.1454884772756213,10,1.461127629618646,1.165256329802678,2.332181595009585,20.0,3.0,2.0,2.0,2.0,2.3321815950095846,20.0,3.0,2.0,2.0,2.0
519020,2026-07-11T11:00:35.710973+00:00,micro,60.0,3.0,2.0,0.0,2.0,0.1863107167173337,10,1.87110169126338,1.967178099380612,2.332181595009585,20.0,3.0,2.0,2.0,2.0,2.3321815950095846,20.0,3.0,2.0,2.0,2.0
519022,2026-07-11T11:00:35.997799+00:00,micro,60.0,3.0,2.0,2.0,0.0,0.1825446355829145,10,1.8332792787677101,1.1619899313647557,2.332181595009585,20.0,3.0,2.0,2.0,2.0,2.3321815950095846,20.0,3.0,2.0,2.0,2.0
519025,2026-07-11T11:00:36.237628+00:00,micro,60.0,3.0,2.0,2.0,2.0,0.2225133302120978,10,2.234681266994277,1.960252871419412,2.332181595009585,20.0,3.0,2.0,2.0,2.0,2.3321815950095846,20.0,3.0,2.0,2.0,2.0
519027,2026-07-11T11:00:36.432453+00:00,micro,60.0,9.5,0.0,0.0,0.0,0.0810331429835925,10,0.8138085320933173,0.6429502719028216,2.332181595009585,20.0,3.0,2.0,2.0,2.0,2.3321815950095846,20.0,3.0,2.0,2.0,2.0
519029,2026-07-11T11:00:36.642745+00:00,micro,60.0,9.5,0.0,0.0,2.0,0.1736809079687406,10,1.7442616633455068,0.9556074106734656,2.332181595009585,20.0,3.0,2.0,2.0,2.0,2.3321815950095846,20.0,3.0,2.0,2.0,2.0
519031,2026-07-11T11:00:36.900040+00:00,micro,60.0,9.5,0.0,2.0,0.0,0.1182987972553846,10,1.1880641302818855,0.6471307393036104,2.332181595009585,20.0,3.0,2.0,2.0,2.0,2.3321815950095846,20.0,3.0,2.0,2.0,2.0
519033,2026-07-11T11:00:37.105014+00:00,micro,60.0,9.5,0.0,2.0,2.0,0.1635244249177436,10,1.6422610218964133,0.959030035836244,2.332181595009585,20.0,3.0,2.0,2.0,2.0,2.3321815950095846,20.0,3.0,2.0,2.0,2.0
519035,2026-07-11T11:00:37.323047+00:00,micro,60.0,9.5,2.0,0.0,0.0,0.1372237389071615,10,1.3781256090610396,1.1673040238531565,2.332181595009585,20.0,3.0,2.0,2.0,2.0,2.3321815950095846,20.0,3.0,2.0,2.0,2.0
519037,2026-07-11T11:00:37.527163+00:00,micro,60.0,9.5,2.0,0.0,2.0,0.2098558633468402,10,2.107563471110181,1.9643648565760508,2.332181595009585,20.0,3.0,2.0,2.0,2.0,2.3321815950095846,20.0,3.0,2.0,2.0,2.0
519132,2026-07-11T11:01:42.699696+00:00,micro,60.0,9.5,2.0,2.0,0.0,0.126398308845653,10,1.2694067932375082,1.1632397635423717,2.332181595009585,20.0,3.0,2.0,2.0,2.0,2.3321815950095846,20.0,3.0,2.0,2.0,2.0
519134,2026-07-11T11:01:42.852266+00:00,micro,60.0,9.5,2.0,2.0,2.0,0.1960917107487666,10,1.9693313304215896,1.9632645589363644,2.332181595009585,20.0,3.0,2.0,2.0,2.0,2.3321815950095846,20.0,3.0,2.0,2.0,2.0
520045,2026-07-11T11:12:36.400963+00:00,micro,30.47955519109985,5.91333846909478,1.7763569802698091,1.1400698458448693,1.9970099130096048,0.2203057052311073,10,2.2125102888112367,1.9592294774659909,2.332181595009585,20.0,3.0,2.0,2.0,2.0,2.3321815950095846,20.0,3.0,2.0,2.0,2.0
520122,2026-07-11T11:13:39.399081+00:00,micro,37.006987616697,5.571340752749599,1.998212260631987,1.254996163599713,1.994151908888192,0.2580032093286493,10,2.591102915773938,3.7685108001603926,2.591102915773938,37.006987616697,5.571340752749599,1.998212260631987,1.254996163599713,1.994151908888192,2.591102915773938,37.006987616697,5.571340752749599,1.998212260631987,1.254996163599713,1.994151908888192
520123,2026-07-11T11:13:42.848852+00:00,micro,30.90902814107728,5.843530993779657,1.975168469365389,1.22969629812982,1.979991838574477,0.2124101599559631,10,2.1332160411261576,1.9537188026280312,2.591102915773938,37.006987616697,5.571340752749599,1.998212260631987,1.254996163599713,1.994151908888192,2.591102915773938,37.006987616697,5.571340752749599,1.998212260631987,1.254996163599713,1.994151908888192
520132,2026-07-11T11:13:47.374690+00:00,micro,34.6025174269338,5.604668743117227,1.95498334563706,1.1923118384291624,1.9618189890570616,0.2532331593516629,10,2.5431977349201107,3.884849618755045,2.591102915773938,37.006987616697,5.571340752749599,1.998212260631987,1.254996163599713,1.994151908888192,2.591102915773938,37.006987616697,5.571340752749599,1.998212260631987,1.254996163599713,1.994151908888192
520155,2026-07-11T11:13:50.609165+00:00,micro,38.715994957045815,5.231529699807777,1.956201292080252,1.2548197697023311,1.9742539394677512,0.2098712382959743,10,2.1077178803349144,2.001973646130972,2.591102915773938,37.006987616697,5.571340752749599,1.998212260631987,1.254996163599713,1.994151908888192,2.591102915773938,37.006987616697,5.571340752749599,1.998212260631987,1.254996163599713,1.994151908888192
520228,2026-07-11T11:14:59.105254+00:00,micro,36.76603070825671,6.038030178287384,1.9917114073106683,1.2211799038764235,1.9933057471549616,0.2530232553565302,10,2.5410896880658247,3.3263031096893254,2.591102915773938,37.006987616697,5.571340752749599,1.998212260631987,1.254996163599713,1.994151908888192,2.591102915773938,37.006987616697,5.571340752749599,1.998212260631987,1.254996163599713,1.994151908888192
520254,2026-07-11T11:15:03.523751+00:00,micro,33.55461654737816,5.673711576477504,1.9598126903964523,1.1818078235760825,1.981825347353336,0.2417494336416512,10,2.4278677153882358,2.62697397051491,2.591102915773938,37.006987616697,5.571340752749599,1.998212260631987,1.254996163599713,1.994151908888192,2.591102915773938,37.006987616697,5.571340752749599,1.998212260631987,1.254996163599713,1.994151908888192
520336,2026-07-11T11:16:13.291588+00:00,micro,32.68194595801097,6.631324302076079,1.9722752149864573,1.1807678257802794,1.976809089760356,0.227572265522071,10,2.285487697140988,2.0525748965990345,2.591102915773938,37.006987616697,5.571340752749599,1.998212260631987,1.254996163599713,1.994151908888192,2.591102915773938,37.006987616697,5.571340752749599,1.998212260631987,1.254996163599713,1.994151908888192
520346,2026-07-11T11:16:17.550707+00:00,micro,33.45164363917543,5.900847987710399,1.80471456534226,1.356911878884542,1.9960837091535573,0.2285526470253655,10,2.2953335799823966,2.4162457473047643,2.591102915773938,37.006987616697,5.571340752749599,1.998212260631987,1.254996163599713,1.994151908888192,2.591102915773938,37.006987616697,5.571340752749599,1.998212260631987,1.254996163599713,1.994151908888192
520359,2026-07-11T11:16:21.209931+00:00,micro,35.07734381791853,6.73210571223295,1.800293813099079,1.182547242369939,1.999911434967126,0.2517085824671121,10,2.5278865470431833,3.5835469620822344,2.591102915773938,37.006987616697,5.571340752749599,1.998212260631987,1.254996163599713,1.994151908888192,2.591102915773938,37.006987616697,5.571340752749599,1.998212260631987,1.254996163599713,1.994151908888192
520364,2026-07-11T11:16:24.741795+00:00,micro,33.32752557254732,5.589381753115272,1.973037046280173,1.192095753116745,1.978710737208408,0.229284667336986,10,2.302685193819996,2.4787143702146994,2.591102915773938,37.006987616697,5.571340752749599,1.998212260631987,1.254996163599713,1.994151908888192,2.591102915773938,37.006987616697,5.571340752749599,1.998212260631987,1.254996163599713,1.994151908888192
520367,2026-07-11T11:16:28.678657+00:00,micro,33.45740606229376,6.137014558748305,1.797143515402698,1.2105243245910056,1.9939954737155683,0.2144662450759541,10,2.153865118179698,2.280648581460063,2.591102915773938,37.006987616697,5.571340752749599,1.998212260631987,1.254996163599713,1.994151908888192,2.591102915773938,37.006987616697,5.571340752749599,1.998212260631987,1.254996163599713,1.994151908888192
520372,2026-07-11T11:16:32.803143+00:00,micro,37.06352235945069,5.896016992334796,1.750827347260954,1.2229909709404123,1.988388344185808,0.2569143696942517,10,2.580167797723123,3.192364912183085,2.591102915773938,37.006987616697,5.571340752749599,1.998212260631987,1.254996163599713,1.994151908888192,2.591102915773938,37.006987616697,5.571340752749599,1.998212260631987,1.254996163599713,1.994151908888192
520379,2026-07-11T11:16:37.002970+00:00,micro,38.7789425821083,6.084859395290664,1.964570186411592,1.1454504429307717,1.9970929998900733,0.1753697290116516,10,1.7612223404622511,1.9922641845838136,2.591102915773938,37.006987616697,5.571340752749599,1.998212260631987,1.254996163599713,1.994151908888192,2.591102915773938,37.006987616697,5.571340752749599,1.998212260631987,1.254996163599713,1.994151908888192
520382,2026-07-11T11:16:40.687370+00:00,micro,35.80519123839502,5.506131165881897,1.9225165962207804,1.3591536247606406,1.997901921046623,0.3290552538617054,10,3.3046721781112423,5.259420200017826,3.3046721781112423,35.80519123839502,5.506131165881897,1.9225165962207804,1.3591536247606406,1.997901921046623,3.3046721781112423,35.80519123839502,5.506131165881897,1.9225165962207804,1.3591536247606406,1.997901921046623
520386,2026-07-11T11:16:44.343848+00:00,micro,35.03753173289751,6.201834522760262,1.7018814792660175,1.2152430285523583,1.9969414129295813,0.2935020374810259,10,2.9476144389116743,3.108359565624176,3.3046721781112423,35.80519123839502,5.506131165881897,1.9225165962207804,1.3591536247606406,1.997901921046623,3.3046721781112423,35.80519123839502,5.506131165881897,1.9225165962207804,1.3591536247606406,1.997901921046623
520389,2026-07-11T11:16:48.117324+00:00,micro,38.0158911496436,5.304644298553695,1.8945078956474093,1.3413269248001891,1.9912934856534463,0.2233911027405088,10,2.2434966571736092,2.2582423959810787,3.3046721781112423,35.80519123839502,5.506131165881897,1.9225165962207804,1.3591536247606406,1.997901921046623,3.3046721781112423,35.80519123839502,5.506131165881897,1.9225165962207804,1.3591536247606406,1.997901921046623
520393,2026-07-11T11:16:52.304767+00:00,micro,34.2242583318144,6.237123805396726,1.3945326956483268,1.388177018162672,1.997418754281384,0.2346734823091027,10,2.3568045756026916,2.557906147725485,3.3046721781112423,35.80519123839502,5.506131165881897,1.9225165962207804,1.3591536247606406,1.997901921046623,3.3046721781112423,35.80519123839502,5.506131165881897,1.9225165962207804,1.3591536247606406,1.997901921046623
520397,2026-07-11T11:16:57.001894+00:00,micro,39.41903764610456,6.219412461489979,1.7447516190159609,1.121458997858116,1.996644367767623,0.2071820912880737,10,2.0807110199503205,1.9570594053921944,3.3046721781112423,35.80519123839502,5.506131165881897,1.9225165962207804,1.3591536247606406,1.997901921046623,3.3046721781112423,35.80519123839502,5.506131165881897,1.9225165962207804,1.3591536247606406,1.997901921046623
520408,2026-07-11T11:17:11.293417+00:00,micro,31.679465340709847,5.774753025372918,1.772405516790157,1.3233793164230738,1.9952178979233155,0.2249833374483468,10,2.2594873264556345,1.9917904245334173,3.3046721781112423,35.80519123839502,5.506131165881897,1.9225165962207804,1.3591536247606406,1.997901921046623,3.3046721781112423,35.80519123839502,5.506131165881897,1.9225165962207804,1.3591536247606406,1.997901921046623
520418,2026-07-11T11:17:15.496547+00:00,micro,38.32610134042298,5.70705236277308,1.690507579005661,1.3280017612851134,1.9891677210660967,0.2067821388986082,10,2.0766943342462496,2.103491292842689,3.3046721781112423,35.80519123839502,5.506131165881897,1.9225165962207804,1.3591536247606406,1.997901921046623,3.3046721781112423,35.80519123839502,5.506131165881897,1.9225165962207804,1.3591536247606406,1.997901921046623
520432,2026-07-11T11:17:20.514075+00:00,micro,36.07517946974615,5.958367936250714,1.7192974583075842,1.3048666487313416,1.984789051285562,0.3216305681777821,10,3.230106730749644,4.103362808780901,3.3046721781112423,35.80519123839502,5.506131165881897,1.9225165962207804,1.3591536247606406,1.997901921046623,3.3046721781112423,35.80519123839502,5.506131165881897,1.9225165962207804,1.3591536247606406,1.997901921046623
520442,2026-07-11T11:17:24.474465+00:00,micro,38.75382661825958,5.973819987893473,1.5507822624528078,1.2194878089374792,1.992585020102684,0.227584597004144,10,2.2856115411010625,1.985206484980423,3.3046721781112423,35.80519123839502,5.506131165881897,1.9225165962207804,1.3591536247606406,1.997901921046623,3.3046721781112423,35.80519123839502,5.506131165881897,1.9225165962207804,1.3591536247606406,1.997901921046623
520456,2026-07-11T11:17:28.657769+00:00,micro,39.06861619459585,5.8147379548242455,1.6037613016695202,1.2704552154969948,1.9865061944468376,0.1938147302087195,10,1.9464638206265423,1.966212703745119,3.3046721781112423,35.80519123839502,5.506131165881897,1.9225165962207804,1.3591536247606406,1.997901921046623,3.3046721781112423,35.80519123839502,5.506131165881897,1.9225165962207804,1.3591536247606406,1.997901921046623
520458,2026-07-11T11:17:31.688625+00:00,micro,35.99995732824629,3.1006288428460897,1.2736893270208447,1.7600613526316364,1.7565807266125228,0.2187918048594429,10,2.197306324188401,1.7923344208225302,3.3046721781112423,35.80519123839502,5.506131165881897,1.9225165962207804,1.3591536247606406,1.997901921046623,3.3046721781112423,35.80519123839502,5.506131165881897,1.9225165962207804,1.3591536247606406,1.997901921046623
520461,2026-07-11T11:17:35.278100+00:00,micro,34.02418730756264,6.385011445346861,1.7216214658955833,1.3857015635187293,1.9866836716935488,0.2117745389563713,10,2.1268325568677446,2.4093786845382783,3.3046721781112423,35.80519123839502,5.506131165881897,1.9225165962207804,1.3591536247606406,1.997901921046623,3.3046721781112423,35.80519123839502,5.506131165881897,1.9225165962207804,1.3591536247606406,1.997901921046623
520464,2026-07-11T11:17:39.107857+00:00,micro,35.56802202799946,5.773253540832343,1.8209407968045488,1.208337506070384,1.9814345122780463,0.3085657956132598,10,3.098898400535676,4.699246842342137,3.3046721781112423,35.80519123839502,5.506131165881897,1.9225165962207804,1.3591536247606406,1.997901921046623,3.3046721781112423,35.80519123839502,5.506131165881897,1.9225165962207804,1.3591536247606406,1.997901921046623
520468,2026-07-11T11:17:43.000419+00:00,micro,37.15807637296581,6.289149234095139,1.7492069920444526,1.2703459810193538,1.987673172621364,0.222258847415653,10,2.232125519266959,2.578512833960534,3.3046721781112423,35.80519123839502,5.506131165881897,1.9225165962207804,1.3591536247606406,1.997901921046623,3.3046721781112423,35.80519123839502,5.506131165881897,1.9225165962207804,1.3591536247606406,1.997901921046623
520470,2026-07-11T11:17:47.606854+00:00,micro,36.495366467573575,5.726881279076501,1.9400454850917088,1.0924466913250572,1.977604605916785,0.3451705716118677,10,3.4665168579496193,4.642685745408957,3.4665168579496197,36.495366467573575,5.726881279076501,1.9400454850917088,1.0924466913250572,1.977604605916785,3.4665168579496193,36.495366467573575,5.726881279076501,1.9400454850917088,1.0924466913250572,1.977604605916785
520474,2026-07-11T11:17:52.132606+00:00,micro,38.88332335934724,6.064644302678563,1.8413875502159247,1.0397343352517432,1.960295228070654,0.2205939453179698,10,2.2154050579556044,1.9565658730398032,3.4665168579496197,36.495366467573575,5.726881279076501,1.9400454850917088,1.0924466913250572,1.977604605916785,3.4665168579496193,36.495366467573575,5.726881279076501,1.9400454850917088,1.0924466913250572,1.977604605916785
520477,2026-07-11T11:17:55.741906+00:00,micro,35.64202595411237,4.781261111218548,1.8559206055615385,0.1535309573579402,1.982125654987872,0.2472744610287937,10,2.483355066145644,3.1595817690168624,3.4665168579496197,36.495366467573575,5.726881279076501,1.9400454850917088,1.0924466913250572,1.977604605916785,3.4665168579496193,36.495366467573575,5.726881279076501,1.9400454850917088,1.0924466913250572,1.977604605916785
520492,2026-07-11T11:18:01.017905+00:00,micro,37.93358898088282,4.752897099049735,1.8505085155067769,0.969817186843198,1.99557607629158,0.212211426798355,10,2.131220181983633,2.0833918386720374,3.4665168579496197,36.495366467573575,5.726881279076501,1.9400454850917088,1.0924466913250572,1.977604605916785,3.4665168579496193,36.495366467573575,5.726881279076501,1.9400454850917088,1.0924466913250572,1.977604605916785
520499,2026-07-11T11:18:15.741561+00:00,micro,35.396903840378904,6.328416413718065,1.7597710190608538,0.7865574676622691,1.9673494067413084,0.2019993981088482,10,2.028661700706594,3.2108095793897182,3.4665168579496197,36.495366467573575,5.726881279076501,1.9400454850917088,1.0924466913250572,1.977604605916785,3.4665168579496193,36.495366467573575,5.726881279076501,1.9400454850917088,1.0924466913250572,1.977604605916785
520510,2026-07-11T11:18:19.791173+00:00,micro,34.86448602589994,4.760272078108072,1.9299772712506185,1.232995117224874,1.973428760471092,0.2150367651875832,10,2.1595948001034095,2.6028967741732605,3.4665168579496197,36.495366467573575,5.726881279076501,1.9400454850917088,1.0924466913250572,1.977604605916785,3.4665168579496193,36.495366467573575,5.726881279076501,1.9400454850917088,1.0924466913250572,1.977604605916785
520519,2026-07-11T11:18:24.205519+00:00,micro,33.342425724414554,6.881190152096181,1.6382874781517776,0.9798896675701936,1.9917353128218829,0.2226298156970177,10,2.235851120192641,2.4151669505932247,3.4665168579496197,36.495366467573575,5.726881279076501,1.9400454850917088,1.0924466913250572,1.977604605916785,3.4665168579496193,36.495366467573575,5.726881279076501,1.9400454850917088,1.0924466913250572,1.977604605916785
520529,2026-07-11T11:18:29.105026+00:00,micro,34.724045051734635,5.693341886154791,1.9766615624931927,1.1041011280127917,1.948138065358696,0.2755644069170059,10,2.767468436164464,3.970275946776209,3.4665168579496197,36.495366467573575,5.726881279076501,1.9400454850917088,1.0924466913250572,1.977604605916785,3.4665168579496193,36.495366467573575,5.726881279076501,1.9400454850917088,1.0924466913250572,1.977604605916785
520541,2026-07-11T11:18:33.230023+00:00,micro,28.72729230258273,5.628219374596446,1.984957840698928,1.066720560161995,1.9902381655206896,0.1960478142980519,10,1.968890482333944,1.9578913750268652,3.4665168579496197,36.495366467573575,5.726881279076501,1.9400454850917088,1.0924466913250572,1.977604605916785,3.4665168579496193,36.495366467573575,5.726881279076501,1.9400454850917088,1.0924466913250572,1.977604605916785
520575,2026-07-11T11:19:03.475810+00:00,micro,40.92209231279243,5.967198415384061,1.6749617566023574,1.294657214210018,1.9888106482508872,0.2316092428709295,10,2.326030695837629,1.94965373937608,3.4665168579496197,36.495366467573575,5.726881279076501,1.9400454850917088,1.0924466913250572,1.977604605916785,3.4665168579496193,36.495366467573575,5.726881279076501,1.9400454850917088,1.0924466913250572,1.977604605916785
520579,2026-07-11T11:19:07.907042+00:00,micro,36.83549797519908,5.034093196438314,1.9897863807867715,1.2417409489379885,1.9888404119807144,0.2551606281642732,10,2.5625551300215648,3.2606637924496944,3.4665168579496197,36.495366467573575,5.726881279076501,1.9400454850917088,1.0924466913250572,1.977604605916785,3.4665168579496193,36.495366467573575,5.726881279076501,1.9400454850917088,1.0924466913250572,1.977604605916785
520582,2026-07-11T11:19:12.601519+00:00,micro,40.20324537609563,5.743589563411414,1.8199093277137748,1.2634708054902033,1.969293330957256,0.1912948373610593,10,1.921156764477899,1.934934771986721,3.4665168579496197,36.495366467573575,5.726881279076501,1.9400454850917088,1.0924466913250572,1.977604605916785,3.4665168579496193,36.495366467573575,5.726881279076501,1.9400454850917088,1.0924466913250572,1.977604605916785
520585,2026-07-11T11:19:16.523676+00:00,micro,34.52705038138312,5.611634695443897,1.75132290854928,1.2132715220422177,1.961016717281268,0.2653500956775471,10,2.664887031444529,3.74660886846214,3.4665168579496197,36.495366467573575,5.726881279076501,1.9400454850917088,1.0924466913250572,1.977604605916785,3.4665168579496193,36.495366467573575,5.726881279076501,1.9400454850917088,1.0924466913250572,1.977604605916785
520589,2026-07-11T11:19:20.098139+00:00,micro,36.004296449161224,5.577177838580633,1.820612701970216,1.3543826293085293,1.979843315007488,0.3620197687017883,10,3.6357318216771857,5.216398379205629,3.6357318216771857,36.004296449161224,5.577177838580633,1.820612701970216,1.3543826293085293,1.979843315007488,3.6357318216771857,36.004296449161224,5.577177838580633,1.820612701970216,1.3543826293085293,1.979843315007488
520591,2026-07-11T11:19:24.205311+00:00,micro,39.48845595826999,4.991883696183349,1.93605963106553,1.80537991161732,1.998909157311283,0.1996696816284827,10,2.0052645686286277,1.9677515787880275,3.6357318216771857,36.004296449161224,5.577177838580633,1.820612701970216,1.3543826293085293,1.979843315007488,3.6357318216771857,36.004296449161224,5.577177838580633,1.820612701970216,1.3543826293085293,1.979843315007488
520612,2026-07-11T11:19:27.939938+00:00,micro,34.748231191300945,5.568380838742353,1.5991485740577218,1.2336996515326069,1.995494718961362,0.2812170707762684,10,2.824237628476982,4.123438851100982,3.6357318216771857,36.004296449161224,5.577177838580633,1.820612701970216,1.3543826293085293,1.979843315007488,3.6357318216771857,36.004296449161224,5.577177838580633,1.820612701970216,1.3543826293085293,1.979843315007488
520623,2026-07-11T11:19:34.187177+00:00,micro,37.50321819863292,6.333400151542863,1.4141812669089773,0.9498193355057668,1.988664232859296,0.2236479761191027,10,2.246076413301416,2.3290160270199283,3.6357318216771857,36.004296449161224,5.577177838580633,1.820612701970216,1.3543826293085293,1.979843315007488,3.6357318216771857,36.004296449161224,5.577177838580633,1.820612701970216,1.3543826293085293,1.979843315007488
520631,2026-07-11T11:19:38.830553+00:00,micro,34.29335246934636,6.001666751635197,1.5835512205765865,1.3562796425813812,1.988473555550839,0.2263918309656736,10,2.2736326995658787,2.8792090463792,3.6357318216771857,36.004296449161224,5.577177838580633,1.820612701970216,1.3543826293085293,1.979843315007488,3.6357318216771857,36.004296449161224,5.577177838580633,1.820612701970216,1.3543826293085293,1.979843315007488
520644,2026-07-11T11:19:43.333005+00:00,micro,33.90811399461022,5.821580906837422,1.7184596541401491,1.0739601381652415,1.986029986538116,0.2441468163740071,10,2.4519444135200046,2.831120527666114,3.6357318216771857,36.004296449161224,5.577177838580633,1.820612701970216,1.3543826293085293,1.979843315007488,3.6357318216771857,36.004296449161224,5.577177838580633,1.820612701970216,1.3543826293085293,1.979843315007488
520647,2026-07-11T11:19:47.600451+00:00,micro,37.1919276357108,5.4471383150399015,1.5766398371028132,1.0798121933195473,1.9778741826136863,0.2297405356737377,10,2.3072634383295894,3.383480880437892,3.6357318216771857,36.004296449161224,5.577177838580633,1.820612701970216,1.3543826293085293,1.979843315007488,3.6357318216771857,36.004296449161224,5.577177838580633,1.820612701970216,1.3543826293085293,1.979843315007488
520651,2026-07-11T11:19:51.588991+00:00,micro,32.69668152260307,5.103310379689633,1.7955524467734074,1.0420625853734125,1.9957962787419423,0.249286779565359,10,2.5035645993569866,2.123065494101619,3.6357318216771857,36.004296449161224,5.577177838580633,1.820612701970216,1.3543826293085293,1.979843315007488,3.6357318216771857,36.004296449161224,5.577177838580633,1.820612701970216,1.3543826293085293,1.979843315007488
520676,2026-07-11T11:19:59.977207+00:00,micro,34.430315594252406,5.491665371772692,1.6456172021300808,1.0397376157974527,1.9909718994877377,0.2650415511923139,10,2.6617883470622146,3.741550092432053,3.6357318216771857,36.004296449161224,5.577177838580633,1.820612701970216,1.3543826293085293,1.979843315007488,3.6357318216771857,36.004296449161224,5.577177838580633,1.820612701970216,1.3543826293085293,1.979843315007488
520681,2026-07-11T11:20:05.101975+00:00,micro,34.04890808780671,5.4163695149265,1.5556857894573162,1.1243902022020174,1.9611619180397808,0.2894821702663318,10,2.907243275746219,3.121116316009951,3.6357318216771857,36.004296449161224,5.577177838580633,1.820612701970216,1.3543826293085293,1.979843315007488,3.6357318216771857,36.004296449161224,5.577177838580633,1.820612701970216,1.3543826293085293,1.979843315007488
520683,2026-07-11T11:20:09.712725+00:00,micro,31.788645620023907,5.70050385541596,1.5378897866162275,1.0756633925243626,1.9859200673147688,0.2100224223530231,10,2.109236208157491,1.9870965365942852,3.6357318216771857,36.004296449161224,5.577177838580633,1.820612701970216,1.3543826293085293,1.979843315007488,3.6357318216771857,36.004296449161224,5.577177838580633,1.820612701970216,1.3543826293085293,1.979843315007488
520687,2026-07-11T11:20:13.735330+00:00,micro,34.97000679395515,4.393957685351376,1.744040400371578,1.1546747459721216,1.9811219366689607,0.2085900343661398,10,2.0948508650488122,2.1156271800372517,3.6357318216771857,36.004296449161224,5.577177838580633,1.820612701970216,1.3543826293085293,1.979843315007488,3.6357318216771857,36.004296449161224,5.577177838580633,1.820612701970216,1.3543826293085293,1.979843315007488
520689,2026-07-11T11:20:18.717910+00:00,micro,33.73492673394102,6.232563570652257,1.645221358112236,1.0236915411310827,1.943035535469484,0.2203000997292301,10,2.212453993262448,2.308513946999601,3.6357318216771857,36.004296449161224,5.577177838580633,1.820612701970216,1.3543826293085293,1.979843315007488,3.6357318216771857,36.004296449161224,5.577177838580633,1.820612701970216,1.3543826293085293,1.979843315007488
520693,2026-07-11T11:20:23.846397+00:00,micro,34.50127880923099,5.234277528175272,1.530075654637748,1.2318481396797292,1.9502510133617443,0.2775714736057134,10,2.7876252255423752,3.4245457588437707,3.6357318216771857,36.004296449161224,5.577177838580633,1.820612701970216,1.3543826293085293,1.979843315007488,3.6357318216771857,36.004296449161224,5.577177838580633,1.820612701970216,1.3543826293085293,1.979843315007488
520697,2026-07-11T11:20:28.000089+00:00,micro,35.54246606881227,4.990002661185184,1.5907264663261953,1.3065982245798031,1.917414153701718,0.241578590583867,10,2.42615195399784,3.5070682093305936,3.6357318216771857,36.004296449161224,5.577177838580633,1.820612701970216,1.3543826293085293,1.979843315007488,3.6357318216771857,36.004296449161224,5.577177838580633,1.820612701970216,1.3543826293085293,1.979843315007488
520700,2026-07-11T11:20:32.517701+00:00,micro,20.30015269826181,5.811342223567815,1.5123757554221953,1.3248462703578103,1.9894746258566995,0.2006463745998936,10,2.015073407877658,1.947720933169524,3.6357318216771857,36.004296449161224,5.577177838580633,1.820612701970216,1.3543826293085293,1.979843315007488,3.6357318216771857,36.004296449161224,5.577177838580633,1.820612701970216,1.3543826293085293,1.979843315007488
520712,2026-07-11T11:20:37.307770+00:00,micro,40.24511031754738,5.234712242920524,1.7053778098407346,1.200791577755986,1.6957870557858226,0.2003292964568691,10,2.0118890207413243,1.7761350752661385,3.6357318216771857,36.004296449161224,5.577177838580633,1.820612701970216,1.3543826293085293,1.979843315007488,3.6357318216771857,36.004296449161224,5.577177838580633,1.820612701970216,1.3543826293085293,1.979843315007488
520723,2026-07-11T11:20:41.627446+00:00,micro,38.3180767179165,6.395076478435383,1.4956290754035064,1.042660958660508,1.9791700757863933,0.2375148645661198,10,2.3853403208368027,2.0132047296755684,3.6357318216771857,36.004296449161224,5.577177838580633,1.820612701970216,1.3543826293085293,1.979843315007488,3.6357318216771857,36.004296449161224,5.577177838580633,1.820612701970216,1.3543826293085293,1.979843315007488
520740,2026-07-11T11:20:46.139790+00:00,micro,37.180014785142575,4.907235003407168,1.6991180730751343,1.182087545185866,1.96489476844328,0.2605948876071244,10,2.6171309065170716,2.5838366721422723,3.6357318216771857,36.004296449161224,5.577177838580633,1.820612701970216,1.3543826293085293,1.979843315007488,3.6357318216771857,36.004296449161224,5.577177838580633,1.820612701970216,1.3543826293085293,1.979843315007488
520743,2026-07-11T11:20:51.209719+00:00,micro,36.734261484188266,3.826274260151513,1.7597061411310924,1.2967927762534748,1.9896556431131192,0.1916222085185795,10,1.924444523428643,1.9532641741883767,3.6357318216771857,36.004296449161224,5.577177838580633,1.820612701970216,1.3543826293085293,1.979843315007488,3.6357318216771857,36.004296449161224,5.577177838580633,1.820612701970216,1.3543826293085293,1.979843315007488
520747,2026-07-11T11:20:56.097248+00:00,micro,36.95143906809837,6.111516034996171,1.603304986546724,1.9877286694321803,1.8990379466320109,0.2469162359004451,10,2.479757443554116,2.7582091268703977,3.6357318216771857,36.004296449161224,5.577177838580633,1.820612701970216,1.3543826293085293,1.979843315007488,3.6357318216771857,36.004296449161224,5.577177838580633,1.820612701970216,1.3543826293085293,1.979843315007488
520751,2026-07-11T11:21:00.556256+00:00,micro,36.02928944464274,5.774995203933349,1.5265329623717951,1.8911646225098853,1.94773411637264,0.270175735105761,10,2.7133504921334666,4.421112219551045,3.6357318216771857,36.004296449161224,5.577177838580633,1.820612701970216,1.3543826293085293,1.979843315007488,3.6357318216771857,36.004296449161224,5.577177838580633,1.820612701970216,1.3543826293085293,1.979843315007488
520754,2026-07-11T11:21:04.907415+00:00,micro,35.17420611031362,6.050417325549115,1.6652704475421158,1.902736821852653,1.818741574991554,0.2433625925036069,10,2.444068524059168,3.1693209559253503,3.6357318216771857,36.004296449161224,5.577177838580633,1.820612701970216,1.3543826293085293,1.979843315007488,3.6357318216771857,36.004296449161224,5.577177838580633,1.820612701970216,1.3543826293085293,1.979843315007488
520757,2026-07-11T11:21:09.341145+00:00,micro,35.877375356392314,5.829780010103768,1.4467026417012347,1.878485898416289,1.9423725033948245,0.3001449297907523,10,3.0143284060661637,4.228475989286863,3.6357318216771857,36.004296449161224,5.577177838580633,1.820612701970216,1.3543826293085293,1.979843315007488,3.6357318216771857,36.004296449161224,5.577177838580633,1.820612701970216,1.3543826293085293,1.979843315007488
520763,2026-07-11T11:21:13.426092+00:00,micro,37.09294681708271,6.79675914548702,1.4774795895665862,1.9851659142668805,1.9777589058722709,0.2801870913178318,10,2.813893637854204,2.9857751452947183,3.6357318216771857,36.004296449161224,5.577177838580633,1.820612701970216,1.3543826293085293,1.979843315007488,3.6357318216771857,36.004296449161224,5.577177838580633,1.820612701970216,1.3543826293085293,1.979843315007488
520768,2026-07-11T11:21:18.030383+00:00,micro,33.53541358692747,6.473777289115192,1.3063387058069538,1.9751468289912897,1.9672205553381763,0.1815630095361936,10,1.8234208970891386,2.179739745807367,3.6357318216771857,36.004296449161224,5.577177838580633,1.820612701970216,1.3543826293085293,1.979843315007488,3.6357318216771857,36.004296449161224,5.577177838580633,1.820612701970216,1.3543826293085293,1.979843315007488
520773,2026-07-11T11:21:23.543001+00:00,micro,38.817134616145125,5.785961313495151,1.6147555534880529,1.941827179222382,1.919054684205256,0.2166991527286514,10,2.176290007949918,1.935067020213352,3.6357318216771857,36.004296449161224,5.577177838580633,1.820612701970216,1.3543826293085293,1.979843315007488,3.6357318216771857,36.004296449161224,5.577177838580633,1.820612701970216,1.3543826293085293,1.979843315007488
520779,2026-07-11T11:21:28.859407+00:00,micro,39.293171822099694,5.790802048011093,1.6029833320914793,1.8186357854652315,1.7397838533524217,0.1931198125026831,10,1.9394848249038952,1.804121846928044,3.6357318216771857,36.004296449161224,5.577177838580633,1.820612701970216,1.3543826293085293,1.979843315007488,3.6357318216771857,36.004296449161224,5.577177838580633,1.820612701970216,1.3543826293085293,1.979843315007488
520784,2026-07-11T11:21:32.968699+00:00,micro,58.24818603445939,5.674861587712336,1.4251218011409723,1.2010381111410149,1.6858665305438811,0.1825690450600336,10,1.8335244209405552,1.7623273283934633,3.6357318216771857,36.004296449161224,5.577177838580633,1.820612701970216,1.3543826293085293,1.979843315007488,3.6357318216771857,36.004296449161224,5.577177838580633,1.820612701970216,1.3543826293085293,1.979843315007488
520795,2026-07-11T11:21:38.158547+00:00,micro,32.05647070883315,5.697463291940155,1.8601499663674927,1.7377946785000602,1.96347529191144,0.2259718475287914,10,2.2694148438627892,2.004567363586132,3.6357318216771857,36.004296449161224,5.577177838580633,1.820612701970216,1.3543826293085293,1.979843315007488,3.6357318216771857,36.004296449161224,5.577177838580633,1.820612701970216,1.3543826293085293,1.979843315007488
520820,2026-07-11T11:21:42.721420+00:00,micro,35.998524857107874,6.911944843343202,1.9456488689107745,1.3424480149374654,0.4989663374375981,0.1929718073500876,10,1.9379984225314686,3.394846611283753,3.6357318216771857,36.004296449161224,5.577177838580633,1.820612701970216,1.3543826293085293,1.979843315007488,3.6357318216771857,36.004296449161224,5.577177838580633,1.820612701970216,1.3543826293085293,1.979843315007488
520830,2026-07-11T11:21:48.418693+00:00,micro,36.40036192555043,9.392303770280762,1.3244975510390251,0.8756571408001164,1.97560023420323,0.2297709473362374,10,2.3075688599078,2.213394721117753,3.6357318216771857,36.004296449161224,5.577177838580633,1.820612701970216,1.3543826293085293,1.979843315007488,3.6357318216771857,36.004296449161224,5.577177838580633,1.820612701970216,1.3543826293085293,1.979843315007488
520848,2026-07-11T11:21:53.400249+00:00,micro,33.74999225674165,6.249711427423073,1.6180525307649245,1.5538906755887067,1.9757888097712013,0.2247535265534042,10,2.257179356405526,2.3050508809568946,3.6357318216771857,36.004296449161224,5.577177838580633,1.820612701970216,1.3543826293085293,1.979843315007488,3.6357318216771857,36.004296449161224,5.577177838580633,1.820612701970216,1.3543826293085293,1.979843315007488
520857,2026-07-11T11:21:58.598224+00:00,micro,43.45645222475362,6.073282206101172,0.6211181534854193,1.549994596285462,1.9903966527771848,0.2301833617898067,10,2.31171070099548,1.891409069144519,3.6357318216771857,36.004296449161224,5.577177838580633,1.820612701970216,1.3543826293085293,1.979843315007488,3.6357318216771857,36.004296449161224,5.577177838580633,1.820612701970216,1.3543826293085293,1.979843315007488
520862,2026-07-11T11:22:03.728793+00:00,micro,35.176991981598306,6.723651192142503,1.3857414739707463,1.320795304161415,1.9843987338849964,0.2655951809413311,10,2.667348400600581,3.533083461284636,3.6357318216771857,36.004296449161224,5.577177838580633,1.820612701970216,1.3543826293085293,1.979843315007488,3.6357318216771857,36.004296449161224,5.577177838580633,1.820612701970216,1.3543826293085293,1.979843315007488
520867,2026-07-11T11:22:08.767931+00:00,micro,34.77575925386939,6.998853493501455,1.4335118000058258,1.243897090538478,1.965890029431762,0.2922858518849546,10,2.9354003968759086,4.378485568476401,3.6357318216771857,36.004296449161224,5.577177838580633,1.820612701970216,1.3543826293085293,1.979843315007488,3.6357318216771857,36.004296449161224,5.577177838580633,1.820612701970216,1.3543826293085293,1.979843315007488
520873,2026-07-11T11:22:14.475270+00:00,micro,33.83878496414537,7.423856416816305,1.4045328515335875,1.1100430010078168,1.9535213075103,0.2940158420012845,10,2.9527745312765874,4.209656683762734,3.6357318216771857,36.004296449161224,5.577177838580633,1.820612701970216,1.3543826293085293,1.979843315007488,3.6357318216771857,36.004296449161224,5.577177838580633,1.820612701970216,1.3543826293085293,1.979843315007488
520879,2026-07-11T11:22:19.811894+00:00,micro,35.65953713357307,7.541896445062641,1.3223737661142347,0.9774107219230244,1.9780947946854035,0.6973849922233434,10,7.00377445485612,13.267794269859166,7.00377445485612,35.65953713357307,7.541896445062641,1.3223737661142347,0.9774107219230244,1.9780947946854035,7.00377445485612,35.65953713357307,7.541896445062641,1.3223737661142347,0.9774107219230244,1.9780947946854035
520882,2026-07-11T11:22:24.718947+00:00,micro,36.495421343431744,7.835497726201107,0.8890887162991286,0.6463375732300429,1.916461578469706,0.7730023326733237,10,7.763192571525485,16.11282457899154,7.763192571525485,36.495421343431744,7.835497726201107,0.8890887162991286,0.6463375732300429,1.916461578469706,7.763192571525485,36.495421343431744,7.835497726201107,0.8890887162991286,0.6463375732300429,1.916461578469706
520887,2026-07-11T11:22:29.680937+00:00,micro,36.50443090835179,8.015345990530598,1.2845555739703065,1.187847618417958,1.9294556647318104,0.8888627130587335,10,8.926767901539712,15.188214823002516,8.926767901539712,36.50443090835179,8.015345990530598,1.2845555739703065,1.187847618417958,1.9294556647318104,8.926767901539712,36.50443090835179,8.015345990530598,1.2845555739703065,1.187847618417958,1.9294556647318104
520892,2026-07-11T11:22:34.419275+00:00,micro,36.74058849318676,7.968335882214525,1.6730522429432877,0.8718579766696284,1.7855319792748372,0.6633755118253521,10,6.662220316624683,13.385303801189757,8.926767901539712,36.50443090835179,8.015345990530598,1.2845555739703065,1.187847618417958,1.9294556647318104,8.926767901539712,36.50443090835179,8.015345990530598,1.2845555739703065,1.187847618417958,1.9294556647318104
520899,2026-07-11T11:22:41.011806+00:00,micro,35.92946010499957,8.168152523553315,1.2364639212953603,1.744403904289419,1.8381824677304976,1.0430181174426385,10,10.474936696884587,15.218036974427775,10.474936696884589,35.92946010499957,8.168152523553315,1.2364639212953603,1.744403904289419,1.8381824677304976,10.474936696884587,35.92946010499957,8.168152523553315,1.2364639212953603,1.744403904289419,1.8381824677304976
520917,2026-07-11T11:22:46.705512+00:00,micro,35.926227831068886,8.233056805771703,0.4897053173189587,1.781262075302214,1.7011892912355258,0.7304661879559835,10,7.33600591408167,12.963208338021346,10.474936696884589,35.92946010499957,8.168152523553315,1.2364639212953603,1.744403904289419,1.8381824677304976,10.474936696884587,35.92946010499957,8.168152523553315,1.2364639212953603,1.744403904289419,1.8381824677304976
520924,2026-07-11T11:22:52.219779+00:00,micro,35.825323434080886,8.288220821580891,1.484330325164708,1.9638084927519568,1.805517448116228,0.9069266107904996,10,9.108181994041948,13.59246836872117,10.474936696884589,35.92946010499957,8.168152523553315,1.2364639212953603,1.744403904289419,1.8381824677304976,10.474936696884587,35.92946010499957,8.168152523553315,1.2364639212953603,1.744403904289419,1.8381824677304976
520927,2026-07-11T11:22:56.951958+00:00,micro,36.017483914749185,8.239330157862252,1.1480273738661115,1.5495696878942529,1.5172930556534845,0.8435771302181494,10,8.471968885488364,13.968489436377803,10.474936696884589,35.92946010499957,8.168152523553315,1.2364639212953603,1.744403904289419,1.8381824677304976,10.474936696884587,35.92946010499957,8.168152523553315,1.2364639212953603,1.744403904289419,1.8381824677304976
520947,2026-07-11T11:23:02.645883+00:00,micro,36.61216562033898,8.259688294082594,1.229169765106032,1.758913733709541,1.9032704280718284,0.7200879617402732,10,7.2317783260680875,11.991793522133989,10.474936696884589,35.92946010499957,8.168152523553315,1.2364639212953603,1.744403904289419,1.8381824677304976,10.474936696884587,35.92946010499957,8.168152523553315,1.2364639212953603,1.744403904289419,1.8381824677304976
520953,2026-07-11T11:23:07.829723+00:00,micro,35.903899893963604,8.064942957431308,1.86408849675622,1.8144116165870543,1.970847184303232,1.1361212380662484,10,11.409962923663777,16.08172370492298,11.409962923663777,35.903899893963604,8.064942957431308,1.86408849675622,1.8144116165870543,1.970847184303232,11.409962923663777,35.903899893963604,8.064942957431308,1.86408849675622,1.8144116165870543,1.970847184303232
520960,2026-07-11T11:23:14.100438+00:00,micro,35.608049341333086,7.95510409441759,1.4260619155633645,1.7858860010423494,1.9963909238045323,1.055407284940958,10,10.599359986472491,15.02612076907406,11.409962923663777,35.903899893963604,8.064942957431308,1.86408849675622,1.8144116165870543,1.970847184303232,11.409962923663777,35.903899893963604,8.064942957431308,1.86408849675622,1.8144116165870543,1.970847184303232
520979,2026-07-11T11:23:19.215800+00:00,micro,36.00481413607337,7.846199514387282,1.7076134827207023,1.964162434567603,1.5731911926867927,0.8705234149395559,10,8.742587987834382,13.247919976836137,11.409962923663777,35.903899893963604,8.064942957431308,1.86408849675622,1.8144116165870543,1.970847184303232,11.409962923663777,35.903899893963604,8.064942957431308,1.86408849675622,1.8144116165870543,1.970847184303232
520993,2026-07-11T11:23:25.752357+00:00,micro,35.69596550484178,8.149852544947215,1.6413672539383937,1.5177858612083552,1.9516942803405408,1.1489769029992896,10,11.539071204831645,16.193373461101164,11.539071204831645,35.69596550484178,8.149852544947215,1.6413672539383937,1.5177858612083552,1.9516942803405408,11.539071204831645,35.69596550484178,8.149852544947215,1.6413672539383937,1.5177858612083552,1.9516942803405408
520998,2026-07-11T11:23:30.717665+00:00,micro,35.60486366229397,8.225986996123517,1.1758885023342236,1.2080926241908192,1.986141516746436,1.0039505522179368,10,10.08258466983299,16.264816950440583,11.539071204831645,35.69596550484178,8.149852544947215,1.6413672539383937,1.5177858612083552,1.9516942803405408,11.539071204831645,35.69596550484178,8.149852544947215,1.6413672539383937,1.5177858612083552,1.9516942803405408
521000,2026-07-11T11:23:36.404565+00:00,micro,35.044226773068104,8.371586913993543,1.779436424304139,0.7444475366936172,1.9877781021176504,0.6758909794792557,10,6.7879120272614895,13.330146681218366,11.539071204831645,35.69596550484178,8.149852544947215,1.6413672539383937,1.5177858612083552,1.9516942803405408,11.539071204831645,35.69596550484178,8.149852544947215,1.6413672539383937,1.5177858612083552,1.9516942803405408
521009,2026-07-11T11:23:42.933967+00:00,micro,35.435075593367046,8.08385689780673,1.764378863977616,1.7212797515595908,1.9840556871728687,1.0294628444356515,10,10.338802315053021,14.907909392247452,11.539071204831645,35.69596550484178,8.149852544947215,1.6413672539383937,1.5177858612083552,1.9516942803405408,11.539071204831645,35.69596550484178,8.149852544947215,1.6413672539383937,1.5177858612083552,1.9516942803405408
521013,2026-07-11T11:23:47.917154+00:00,micro,35.80090437736209,8.091437337770689,1.935379544952187,1.840850109514257,1.850939162612834,1.1061396991969723,10,11.10886103820384,15.363554943717228,11.539071204831645,35.69596550484178,8.149852544947215,1.6413672539383937,1.5177858612083552,1.9516942803405408,11.539071204831645,35.69596550484178,8.149852544947215,1.6413672539383937,1.5177858612083552,1.9516942803405408
521028,2026-07-11T11:23:57.322691+00:00,micro,35.635728631548965,8.331364978965922,1.976516991040972,1.1641202172171004,1.9949179203142209,0.9821253892314888,10,9.86339653028008,15.632744503649954,11.539071204831645,35.69596550484178,8.149852544947215,1.6413672539383937,1.5177858612083552,1.9516942803405408,11.539071204831645,35.69596550484178,8.149852544947215,1.6413672539383937,1.5177858612083552,1.9516942803405408
521045,2026-07-11T11:24:03.599504+00:00,micro,29.43946227938392,8.158115120903698,1.861274060744377,1.957448784260212,1.9827700599516127,0.2148978314782065,10,2.1581995014154516,1.9482079460522927,11.539071204831645,35.69596550484178,8.149852544947215,1.6413672539383937,1.5177858612083552,1.9516942803405408,11.539071204831645,35.69596550484178,8.149852544947215,1.6413672539383937,1.5177858612083552,1.9516942803405408
521055,2026-07-11T11:24:09.608848+00:00,micro,35.9109562844738,7.918701093555218,1.899219549324857,1.4262037966858607,1.8437559873794545,1.0916848363018188,10,10.963692156420532,16.12166448511597,11.539071204831645,35.69596550484178,8.149852544947215,1.6413672539383937,1.5177858612083552,1.9516942803405408,11.539071204831645,35.69596550484178,8.149852544947215,1.6413672539383937,1.5177858612083552,1.9516942803405408
521059,2026-07-11T11:24:15.999389+00:00,micro,35.757310903812964,7.996943430201878,1.9869172426575925,1.1965262836867063,1.8793373343507755,1.1196802351946455,10,11.244847417582637,17.151261313995125,11.539071204831645,35.69596550484178,8.149852544947215,1.6413672539383937,1.5177858612083552,1.9516942803405408,11.539071204831645,35.69596550484178,8.149852544947215,1.6413672539383937,1.5177858612083552,1.9516942803405408
521073,2026-07-11T11:24:22.513145+00:00,micro,35.900133174356014,8.073017648865704,1.6878124678431374,1.489980223820671,1.7710700291122594,1.062700704303218,10,10.672607138028042,16.023877750918327,11.539071204831645,35.69596550484178,8.149852544947215,1.6413672539383937,1.5177858612083552,1.9516942803405408,11.539071204831645,35.69596550484178,8.149852544947215,1.6413672539383937,1.5177858612083552,1.9516942803405408
