T,pH,F1,F2,F3,Y_micro,Y_bench,Y_pilot,cost_micro,cost_bench,cost_pilot,delta_micro_vs_pilot,delta_bench_vs_pilot
39.995497606961216,3.8630466422112306,0.010762455394972252,1.296774564419328,0.7899791044979326,0.13469757859888648,1.7280662509546165,0.8794328371098549,10.0,500.0,2000.0,-0.7447352585109683,0.8486334138447617
35.80360616616004,3.0020282286115236,0.4331969289256339,0.7360585939803306,0.0040524160286044,0.10256611824990411,2.7182197121000775,1.0898970739933864,10.0,500.0,2000.0,-0.9873309557434823,1.628322638106691
38.68495256541095,3.0332420370521502,0.5467427157447283,0.5808875348590606,0.1142710754623589,0.0906715764770486,2.961988648032231,1.1374551884063362,10.0,500.0,2000.0,-1.0467836119292877,1.8245334596258946
39.1113021975722,4.076472901416117,0.5628280416017724,0.9660526394188128,0.158116453042247,0.13822405282105896,2.812784216023242,1.1473526078010932,10.0,500.0,2000.0,-1.0091285549800342,1.665431608222149
39.47728410190791,6.261349031772239,1.0140928194931182,0.470829038364029,0.05115371745864214,0.1306512625306213,2.850276850242712,1.1553112826165373,10.0,500.0,2000.0,-1.024660020085916,1.6949655676261746
39.72137934250207,9.035566533446772,0.9610795109288381,0.03397314734970564,0.08843965568384915,0.11816176327151261,2.9356256377156775,1.157417297801159,10.0,500.0,2000.0,-1.0392555345296464,1.7782083399145185
37.85852856925586,6.393206889258865,0.13534718516067132,1.009384608188019,0.42787968358599976,0.10983231767852275,3.069127971580612,1.1794666344231228,10.0,500.0,2000.0,-1.0696343167446,1.889661337157489
38.558327072310576,4.036622478679768,0.6815031626196388,1.5980177371684023,0.283128500968045,0.14060485814791387,2.9997286985757263,1.1913418417198565,10.0,500.0,2000.0,-1.0507369835719427,1.8083868568558699
38.87566708345809,7.843104045366956,0.22124347090050034,1.2685654389524785,0.3905302119788609,0.08261370203228341,3.0477681269375845,1.1942608738214684,10.0,500.0,2000.0,-1.111647171789185,1.853507253116116
38.43991089446405,5.8518799608451335,0.1899093801961403,0.1650962374334231,0.507399763108472,0.1667614671539504,3.1585055062958283,1.1951053796771538,10.0,500.0,2000.0,-1.0283439125232035,1.9634001266186745
39.0250146187269,8.25161513328721,1.030651122084284,0.5716027601762832,0.10786140476331285,0.15258705801836564,2.9935561935005177,1.2114228386053554,10.0,500.0,2000.0,-1.0588357805869897,1.7821333548951623
37.479079997792155,3.6191813761191387,1.6554881426359156,0.5485508413375577,0.22868456199136158,0.1563765419178387,3.1127864515046304,1.2152152576141007,10.0,500.0,2000.0,-1.058838715696262,1.8975711938905298
38.19885980644852,9.112693651139306,0.810353931261142,1.8243452954549944,0.17834540000155122,0.13338415818247165,3.037667578709307,1.2206078395767437,10.0,500.0,2000.0,-1.087223681394272,1.8170597391325634
35.329560844528565,4.155854145764698,1.8682338750318197,1.2136591817736553,0.19927880331445272,0.12287421561198388,3.1324884768324157,1.2446010389843936,10.0,500.0,2000.0,-1.1217268233724096,1.8878874378480222
35.04312960349811,9.43767278401591,0.703982316478298,1.6481263599106728,0.12434751790740906,0.11921143374350435,3.11049349586935,1.2476167591182834,10.0,500.0,2000.0,-1.128405325374779,1.8628767367510666
38.29775446903038,5.441718691099803,0.20015248871888325,0.9221664546749017,0.585027839610861,0.1103314528559241,3.226435549249924,1.269294238728776,10.0,500.0,2000.0,-1.158962785872852,1.9571413105211481
35.442983020146805,9.27775756924444,0.020675361757136367,0.6680791489353125,1.5813395355679958,0.1154744350258468,2.7557422297657497,1.2774777390654168,10.0,500.0,2000.0,-1.16200330403957,1.4782644907003328
38.929661542712466,6.582617712702049,0.48777639390687644,0.6689064129558562,0.6373803955355646,0.09702092659704944,3.0856551837659163,1.2809215525310955,10.0,500.0,2000.0,-1.183900625934046,1.8047336312348208
39.35978195421935,4.269620195898906,0.3243047310149562,1.9596432643204602,0.7778171200646853,0.13895735410528567,3.2518795981884243,1.2841559063985477,10.0,500.0,2000.0,-1.145198552293262,1.9677236917898766
39.808685403790285,8.726749549830416,1.5171950182200278,1.168919277129219,0.47782848517729115,0.11588342961020122,3.2483944933813373,1.28430566261638,10.0,500.0,2000.0,-1.1684222330061789,1.9640888307649573
38.84103658459211,5.496040118551145,0.9025087591832507,0.8160713066857085,0.49379352654199815,0.13224360793626083,3.1528833719870377,1.2908936227595114,10.0,500.0,2000.0,-1.1586500148232506,1.8619897492275264
39.001218882418165,7.760525919370627,1.584278713894461,0.4174377273464891,0.31099228124208866,0.12181569121522447,3.106629804026646,1.2933887371778847,10.0,500.0,2000.0,-1.1715730459626603,1.8132410668487613
38.940004589876246,6.704521452466185,0.6042615124499572,0.10670298286815935,0.6658966924274733,0.15181551552055977,3.1470141070099857,1.3051053332090696,10.0,500.0,2000.0,-1.1532898176885098,1.841908773800916
37.61489989094448,3.4128833486569214,1.2669513388695792,0.23367571696351913,0.704251355560281,0.12570380969003858,3.2495955398499143,1.3474469315617694,10.0,500.0,2000.0,-1.221743121871731,1.902148608288145
39.86691693684161,6.745712247623208,1.7981106666387696,1.1450642077730195,0.6947507896815427,0.12109049710005071,3.2876703151086892,1.3494832215128758,10.0,500.0,2000.0,-1.2283927244128252,1.9381870935958134
38.75315934247331,4.804336912624631,0.8975448413517703,0.6833777465575018,0.7369343136675102,0.1479294474598076,3.2953631342575567,1.353057464060953,10.0,500.0,2000.0,-1.2051280166011453,1.9423056701966037
38.73795859709794,8.84070357811417,0.6644646411861557,1.356035915455742,0.7417872354573822,0.11020370592220348,3.3609726642543047,1.3593064678620292,10.0,500.0,2000.0,-1.2491027619398258,2.0016661963922755
38.077311591428916,4.139802582957371,1.2311694059255858,0.7450882085165713,0.7366980523993207,0.15768498435073833,3.263017985514132,1.3600794156189264,10.0,500.0,2000.0,-1.202394431268188,1.9029385698952057
37.91501120277054,4.517799844909055,0.6211881118060897,0.4370312202015988,0.8098329452310611,0.16776301893748682,3.3795831827136906,1.3709367695177819,10.0,500.0,2000.0,-1.203173750580295,2.0086464131959088
38.491723413863234,7.986493194648034,1.296927732096159,0.27769019872669287,0.0195770396732712,0.10707118941165814,3.5436539673102416,1.3757333178505258,10.0,500.0,2000.0,-1.2686621284388677,2.167920649459716
35.26325534188449,3.376843701446828,0.5261040374236301,0.12278561863348213,0.9573579432539691,0.1318817196444148,3.4591574046602123,1.3861364389628013,10.0,500.0,2000.0,-1.2542547193183864,2.073020965697411
39.679186878714845,6.181798482204707,1.7725277172308085,0.7095249410256472,0.8579665619419257,0.12315187934947569,3.500556330750772,1.4035512794249114,10.0,500.0,2000.0,-1.2803994000754357,2.0970050513258607
38.33145388580688,3.5310636666963933,1.623834970558714,1.3336572221435459,0.9809420120986051,0.1770370938624976,3.5382841048308764,1.4507583687381,10.0,500.0,2000.0,-1.2737212748756024,2.0875257360927764
38.375300459037774,6.618559021198369,1.497109516222679,0.8779319406455489,0.8282471085564458,0.1324918977858734,3.450846977458983,1.4522360476195744,10.0,500.0,2000.0,-1.319744149833701,1.9986109298394086
37.966579851910474,8.039378746600697,0.048695277870376225,1.7847000228516794,0.8873056335999883,0.13467128553546454,3.6487408261214673,1.484181336914613,10.0,500.0,2000.0,-1.3495100513791485,2.1645594892068543
39.5692810129729,7.9338187763650545,0.44548568743457145,0.2983101356235296,1.2412812035459875,0.14295423508287486,3.5742847938475437,1.4852820064566394,10.0,500.0,2000.0,-1.3423277713737645,2.0890027873909043
39.3223210299671,3.0936515345515483,1.6139209980387477,1.4993836433086412,1.0712656522153527,0.14875255590657258,3.563164787901675,1.4904180476787798,10.0,500.0,2000.0,-1.3416654917722073,2.072746740222895
36.15546037545607,4.436925968419639,1.9896228327922711,1.3736814189633841,0.6045597513577803,0.16973980200670002,3.6720943218364477,1.4925600924041302,10.0,500.0,2000.0,-1.3228202903974302,2.1795342294323174
35.69723022954179,6.36864830438917,0.07893236134745649,1.9681771236777805,0.6463857094640099,0.12264921557269039,3.6703614701938143,1.5024109829951513,10.0,500.0,2000.0,-1.379761767422461,2.167950487198663
35.05361022849139,4.1848129540582155,0.46603758432042725,1.6832403956268922,1.1991969740090587,0.13702395437565518,3.643799944582241,1.5074510557337593,10.0,500.0,2000.0,-1.370427101358104,2.136348888848482
39.057443445011906,8.904911155491329,1.4053075781612967,1.036139170182622,1.114584824973644,0.138963607831768,3.6560590723784263,1.5079575477503153,10.0,500.0,2000.0,-1.3689939399185473,2.148101524628111
37.07165749951126,3.8250989643004925,1.0279700716234055,0.5944852436037158,1.1960739040416932,0.15512441367495394,3.7091713727615647,1.5221407147746822,10.0,500.0,2000.0,-1.3670163010997283,2.187030657986883
37.585454108092996,5.046521286599939,0.17488069818864793,1.6012791285990207,0.9767078436483597,0.1324956794850706,3.703520584184242,1.5318303056776241,10.0,500.0,2000.0,-1.3993346261925534,2.1716902785066177
39.26305079980422,3.5114812461487745,0.7775249239269931,1.92144874897987,1.2920484361235012,0.15877579182740725,3.5932770777383176,1.5320001418355724,10.0,500.0,2000.0,-1.3732243500081651,2.061276935902745
38.970795101554366,7.442759970898937,0.9383111135772022,0.051683851956587805,1.159167716522762,0.1737590805871286,3.676116760492536,1.540772793161351,10.0,500.0,2000.0,-1.3670137125742226,2.1353439673311847
37.140268064607405,3.1646631347577427,0.7391239246842554,1.1369142101586491,1.3663390209351511,0.15191369899685167,3.765691199781197,1.57214247927888,10.0,500.0,2000.0,-1.4202287802820284,2.1935487205023168
39.15491659444556,5.346153334422668,1.4054786111641098,1.720237573305189,1.2826349615763293,0.1473373236501755,3.762044604875939,1.5721668635325519,10.0,500.0,2000.0,-1.4248295398823765,2.189877741343387
39.92574963411759,9.48949202979066,1.5864170573870708,0.9482127023272333,1.294633986901527,0.1544836611424633,3.7837418477862976,1.576441707983617,10.0,500.0,2000.0,-1.4219580468411537,2.2073001398026806
35.91718654803363,9.367649423817845,0.359891403317426,1.4789668416597122,1.0478814964470455,0.12788499180004337,3.923070855873167,1.5842814102300862,10.0,500.0,2000.0,-1.4563964184300429,2.338789445643081
38.517370632971996,5.74271453118344,1.969345554478685,0.5073416474146476,1.1342368877163507,0.1782459392392378,3.8268022222054454,1.6039989273616486,10.0,500.0,2000.0,-1.425752988122411,2.222803294843797
35.213347238469794,9.4875751623524,0.7964094048819699,0.2529102769690843,1.1869914872615468,0.10821741788553918,3.8360989541212875,1.617916911364304,10.0,500.0,2000.0,-1.5096994934787649,2.2181820427569834
35.25594576744887,9.402768780556489,1.6686377074670642,1.5436715507753958,0.9992538664344244,0.15728798919067907,3.877579616425687,1.6312078194815036,10.0,500.0,2000.0,-1.4739198302908245,2.2463717969441834
37.66979632487627,9.420981936926697,1.3933330345666213,1.7489242416208117,1.3689590701035224,0.19294730722005135,4.000211793371076,1.6532350582908513,10.0,500.0,2000.0,-1.4602877510707999,2.3469767350802244
37.17610613629881,9.212902191041334,1.2553486011894224,0.7326497637976975,0.872672151003475,0.16122589861415085,4.056698627980622,1.6540833724394428,10.0,500.0,2000.0,-1.492857473825292,2.4026152555411793
39.795212652525436,9.491801061674588,0.53042630741361,0.9567773983893784,1.6068144007881209,0.19539975322048378,3.917807353380639,1.657057089906113,10.0,500.0,2000.0,-1.4616573366856291,2.2607502634745256
35.20192608892161,9.47652488304185,1.2820231610962762,0.11983490920856843,1.1904981627131968,0.17103113809655057,4.045604012756378,1.6593401090658808,10.0,500.0,2000.0,-1.4883089709693302,2.386263903690497
39.61276189220461,5.147111867391777,0.653483492837237,1.8525908058793028,1.5706088837744838,0.1805025479439534,3.8994446178325175,1.6604522966986495,10.0,500.0,2000.0,-1.479949748754696,2.238992321133868
38.12686003172033,3.689969182753477,1.327208734575258,0.39467073364998306,1.5172046317809207,0.17267783257749555,3.906439624328311,1.6630774593763573,10.0,500.0,2000.0,-1.4903996267988617,2.2433621649519537
37.366387995348006,5.321719804050464,0.406811547306162,0.34546010771426233,0.02462705016164686,0.09639825508062672,4.218319772872447,1.6706603525088923,10.0,500.0,2000.0,-1.5742620974282655,2.547659420363555
36.4303184771584,4.604330578698117,0.2499094752595554,1.7624999011553077,1.2029773674635558,0.18778335689821632,4.061711092758732,1.6782504585578035,10.0,500.0,2000.0,-1.4904671016595872,2.3834606342009286
35.48214031670113,9.451051326139286,1.8855838595662329,0.5152793337315853,1.144760622542312,0.18901201746658464,3.913138417167248,1.6793774050139474,10.0,500.0,2000.0,-1.4903653875473628,2.2337610121533005
39.218485870344054,4.40648218031403,0.518247001613678,1.9976398819575898,1.6807620467090099,0.16398015966628354,4.019654593803548,1.6891038680730885,10.0,500.0,2000.0,-1.525123708406805,2.3305507257304594
39.52814240405638,7.365875917256241,1.8859946979599551,0.3337526671723592,1.523354803972096,0.13812184466722496,3.942457748817024,1.6897815303913641,10.0,500.0,2000.0,-1.5516596857241391,2.25267621842566
39.565736908416255,9.484080182979488,1.44252664509257,1.05966126103183,1.5776477190873157,0.20070885707771463,4.0113368003047825,1.7043542601773183,10.0,500.0,2000.0,-1.5036454030996036,2.306982540127464
38.61671576319468,8.287741873988677,1.8181911854603174,0.2420593320220675,1.0994200099359106,0.18634194331439033,4.160422114230931,1.717825290441147,10.0,500.0,2000.0,-1.5314833471267568,2.442596823789784
36.569191714998794,3.7688660652339685,1.1087009877705511,0.088551389719323,1.6706802969403753,0.2084803714510496,4.113022992953545,1.739647745869589,10.0,500.0,2000.0,-1.5311673744185392,2.373375247083956
35.16944863491791,9.462205847135113,1.5578741092406776,1.6147286671295937,1.4108448248625693,0.17614267444541568,4.054585440645544,1.7567471523500011,10.0,500.0,2000.0,-1.5806044779045854,2.2978382882955435
38.48868108238393,5.039792769445805,0.24239419772325466,0.6471830432282553,1.8624237307512674,0.17332118937298047,4.254522704437887,1.7796855987255311,10.0,500.0,2000.0,-1.6063644093525506,2.474837105712356
37.00457096546462,5.229519036302301,0.39468260077080963,1.9006164724530457,0.0644249819206841,0.16289873266779892,4.235459196262773,1.786971694687409,10.0,500.0,2000.0,-1.6240729620196102,2.4484875015753635
38.0034381882155,4.357217316747427,1.2376579286819978,1.7182458197617845,1.7068427342991894,0.16094411121155722,4.255086459305714,1.7886875295738338,10.0,500.0,2000.0,-1.6277434183622765,2.46639892973188
37.41415549054205,3.815791502360654,0.8545551687630969,1.5780721807569302,1.8019479520691233,0.18409898592919388,4.302034404707475,1.7926213572171363,10.0,500.0,2000.0,-1.6085223712879424,2.5094130474903382
39.4066130523112,7.705798034772983,1.1517485686145263,0.15251631913185634,1.7314823582725298,0.17397967724559354,4.15379400837039,1.8049377238840865,10.0,500.0,2000.0,-1.630958046638493,2.3488562844863035
35.87721118550832,3.96184638128831,1.713880867516987,0.8884156086211621,1.7764645443412153,0.17869449641728527,4.26101193331279,1.8396188615136952,10.0,500.0,2000.0,-1.66092436509641,2.4213930717990944
39.75976178212516,9.409813905363038,0.9942334379213951,1.3863500899205006,1.8572049503278136,0.2142466189644298,4.1315351500517625,1.84137842023194,10.0,500.0,2000.0,-1.6271318012675102,2.2901567298198224
39.3253447818876,9.37163799176422,1.7058589359782437,0.10281700801829907,1.8011412132917828,0.2010632694727514,4.149203986830755,1.8423675120865624,10.0,500.0,2000.0,-1.641304242613811,2.3068364747441925
39.184903630427875,3.265301276791489,1.4443741192913697,1.0977882317800778,1.8800593068432485,0.18406998190153706,4.373016493182191,1.8658417207748756,10.0,500.0,2000.0,-1.6817717388733386,2.507174772407315
38.21528687821785,5.692227420400641,0.8760044869667989,1.3039175094763547,1.625691857407684,0.1795324279613912,4.437486398087759,1.8685631360429447,10.0,500.0,2000.0,-1.6890307080815534,2.568923262044814
39.910244258050845,3.1985082409168735,1.5349323329232163,1.4081984820928337,1.8780990160487119,0.25612093667606317,4.309199378826059,1.8707160487501453,10.0,500.0,2000.0,-1.614595112074082,2.438483330075914
35.63476476981196,6.547186291110712,0.08778024905926744,1.887307417651635,1.3117637820682888,0.13408922306335974,4.414755771952815,1.8996140511649662,10.0,500.0,2000.0,-1.7655248281016065,2.515141720787849
35.04180926364688,9.460644920957685,1.3664153360328049,0.7948728072430578,1.6694926928997071,0.19874256720222033,4.412978969182012,1.9012253695883294,10.0,500.0,2000.0,-1.7024828023861092,2.5117535995936824
37.723868411224345,4.965344979649572,1.5440151056697586,1.2501569356884914,1.4680081311695476,0.17879538557626887,4.500765730681938,1.9155842356060995,10.0,500.0,2000.0,-1.7367888500298305,2.585181495075839
35.250234851770344,6.291094940714421,1.038468059259423,0.530406427874422,0.25844328970366814,0.14669076731933797,4.748841481731929,1.9674878593245972,10.0,500.0,2000.0,-1.8207970920052592,2.781353622407331
38.08146009878837,7.099760275724841,1.9471226975983869,0.9035447677345835,1.3911317160234535,0.20049508116698192,4.5106771103189685,1.9711050896518836,10.0,500.0,2000.0,-1.7706100084849017,2.5395720206670847
36.94910686724871,9.439949755678326,1.7043932147545164,0.8070111343888109,1.8172370515887084,0.15105265680228858,4.5926340984606915,1.9847444392890639,10.0,500.0,2000.0,-1.8336917824867753,2.6078896591716276
35.10975944397765,9.31852172558083,1.6211530553429385,0.16006712481168406,1.4392592359274252,0.15550946744077276,4.63934760112496,1.9965664701779489,10.0,500.0,2000.0,-1.841057002737176,2.6427811309470117
35.37664636542747,9.386604026793869,1.758464914684153,0.2477996584147295,1.6045679240052102,0.1933880152407012,4.647459830379994,2.0013162618797082,10.0,500.0,2000.0,-1.807928246639007,2.6461435685002854
36.11209561299573,9.086955812071558,0.580586039512102,0.06213757757355605,0.3244323300585248,0.15970406427494277,5.303024364678253,2.0762324538200976,10.0,500.0,2000.0,-1.9165283895451548,3.226791910858155
35.92425860466667,9.488252776387675,1.3796822939945959,0.23540688744341498,1.9072665833396598,0.24917370585871498,4.75804385726411,2.086072674863686,10.0,500.0,2000.0,-1.836898969004971,2.671971182400424
36.2946129527022,6.4504592300660555,1.9353957201821024,1.1192517488764764,0.44890295061217034,0.1483031128654658,4.9116765759259415,2.092778359541685,10.0,500.0,2000.0,-1.9444752466762192,2.8188982163842566
36.166441438589345,9.463714118350609,1.7324759356746195,0.26539686860688105,1.9039784142889151,0.2208854174885938,4.708293638007782,2.1135354419628753,10.0,500.0,2000.0,-1.8926500244742814,2.5947581960449067
35.48661183543298,9.424504857232169,1.8139014823764383,0.2228907012706749,1.936368035415497,0.20487001764928747,4.935894092752079,2.177505636512773,10.0,500.0,2000.0,-1.9726356188634857,2.758388456239306
37.54052643204579,8.451555102153193,0.11048590147548133,0.6554618130189823,0.4066037201063498,0.1339563718699627,5.258599394841147,2.188319183918458,10.0,500.0,2000.0,-2.0543628120484954,3.0702802109226885
37.336651216845404,5.968448015172735,1.0695865519505692,0.611221770793899,1.2795677584023935,0.19191416741474057,5.0306800375847605,2.20991203082562,10.0,500.0,2000.0,-2.0179978634108795,2.8207680067591405
37.660963548448905,8.560170474590008,1.908625176080942,1.197204060037447,0.25770939852928054,0.12973167572713817,5.115910249814951,2.2219561868014637,10.0,500.0,2000.0,-2.0922245110743254,2.8939540630134877
37.82979828046296,6.93417903258363,0.7576156494760451,0.4973181078025447,1.7944384890843748,0.1977795190437072,5.135722798834977,2.2714170370268905,10.0,500.0,2000.0,-2.073637517983183,2.8643057618080867
37.09261083137289,5.604151714880576,1.051241919256025,1.0523336035444517,0.5454062858264525,0.14847559914026262,5.383383806970992,2.338981261300419,10.0,500.0,2000.0,-2.1905056621601564,3.0444025456705726
36.479069584960484,6.19966910795078,1.3065753717338282,0.9933272448334353,0.9020326690527694,0.19052358213619547,5.420643177570975,2.3555388835919864,10.0,500.0,2000.0,-2.165015301455791,3.0651042939789885
35.1359308053989,4.6709164057451655,0.946761669705462,0.7888593569531744,1.8243220358178718,0.2138346694911726,5.201367903015642,2.3664669365642053,10.0,500.0,2000.0,-2.1526322670730327,2.834900966451437
36.75992590945703,4.739494066659219,0.7830118231415385,0.8588553611969348,1.9039807229271666,0.21304009623072392,5.294265996991849,2.4581451063174145,10.0,500.0,2000.0,-2.2451050100866907,2.836120890674435
35.738517198500055,8.971431555843875,1.566446826527743,1.7375633499074294,0.3498734013675873,0.15931730622922605,5.610579328679195,2.518793747162675,10.0,500.0,2000.0,-2.3594764409334488,3.0917855815165205
35.45418259902309,4.918740822160495,1.4734327758999064,0.009291304203399938,1.4430287902245273,0.19814163044312677,6.002024998192421,2.6113898277307803,10.0,500.0,2000.0,-2.4132481972876536,3.3906351704616404
35.562699285987826,6.001923030377446,1.7378944384029174,0.5786688228608964,0.36811132672487096,0.17995245310087032,6.172102300896206,2.6515795778422,10.0,500.0,2000.0,-2.47162712474133,3.520522723054006
35.27612888177624,9.1600390895247,1.803791621018721,0.09786739105168629,1.6766234437845575,0.22448718377288326,6.032791949972567,2.690070633322097,10.0,500.0,2000.0,-2.4655834495492135,3.34272131665047
36.007169285795385,5.355696230560712,0.3656107408809812,1.2313581392044979,0.20745382318595113,0.15310420936732058,6.29019738777013,2.779672182830325,10.0,500.0,2000.0,-2.626567973463004,3.510525204939805
36.84782624689936,5.133202603376226,1.7552651025779122,1.5150122484833557,1.4885753469651446,0.2365985067377315,6.127871105004128,2.9309226474379786,10.0,500.0,2000.0,-2.694324140700247,3.1969484575661493
36.061129758087944,4.821831282306037,1.429985176275953,0.19712204994897498,1.619721274245836,0.19889235444381387,6.495018362567117,2.949240354241813,10.0,500.0,2000.0,-2.750347999797999,3.545778008325304
35.554093594061214,7.916330622423454,0.9244185848665303,0.00034074954195895124,1.7625637060187336,0.3578731122131033,5.840842909101425,2.9894293732684845,10.0,500.0,2000.0,-2.631556261055381,2.85141353583294
36.69788247242099,7.037530528761156,1.2058084342979876,1.75653744307155,0.27816557988351603,0.17641792228642417,6.452161942166053,3.009333801777004,10.0,500.0,2000.0,-2.8329158794905798,3.442828140389049
35.811050182271096,6.111254106453146,1.1692786392810472,1.529715542596192,1.5428485571175488,0.206927568104958,6.356518120644384,3.0122139653293885,10.0,500.0,2000.0,-2.8052863972244304,3.3443041553149953
37.761873392646464,8.117415228840837,1.672716159644559,1.4337112003959147,1.0168477670275,0.21663446781937257,6.422646783359263,3.0210781842088297,10.0,500.0,2000.0,-2.804443716389457,3.4015685991504334
36.3537595785344,6.8333841330598935,1.6888960391534635,0.7473204977663783,0.6378820519249849,0.19466626967321116,6.9566345306221296,3.1724855883700376,10.0,500.0,2000.0,-2.9778193186968265,3.784148942252092
36.17899402406266,5.789195491327773,0.18454603310658424,1.1852055139094206,1.5653973600093771,0.26119473708106766,7.137914385173371,3.3389607078241306,10.0,500.0,2000.0,-3.077765970743063,3.7989536773492403
37.22235034673736,7.2291509008555,1.1243939701218122,1.8704126087175093,1.6524728105303834,0.24688806180171824,7.616633602373945,3.7238923780634496,10.0,500.0,2000.0,-3.4770043162617315,3.892741224310495
36.60603999878461,6.881545951538837,0.8232620684067813,0.37787160936257236,1.2200179053905154,0.1903501685545979,8.02840696323321,3.746043418268819,10.0,500.0,2000.0,-3.555693249714221,4.28236354496439
37.26450476513593,7.291286688981585,0.4277691278804586,1.558909993700174,1.9476738206014494,0.31937687617390387,8.026378394269129,4.003310410350013,10.0,500.0,2000.0,-3.683933534176109,4.023067983919116
35.52254278082002,5.896957817313307,0.2674797503811789,0.31278685331099493,1.9897452151078647,0.2029938897205845,8.662187793492217,4.312133816585044,10.0,500.0,2000.0,-4.10913992686446,4.350053976907173
35.24269133779036,6.976396827620338,0.4937933065215185,1.077122561340577,1.7415805905502508,0.2490361123444211,8.836871423178318,4.393508916463487,10.0,500.0,2000.0,-4.144472804119066,4.443362506714831
36.241470351573156,5.539867192305508,1.828378777205992,0.9530626039093032,1.4281816901703719,0.2461303315792245,9.02658040066285,4.584590440942879,10.0,500.0,2000.0,-4.338460109363655,4.441989959719971
36.990823338555984,8.656298233328977,0.3108287871508302,0.6243183810331718,1.4072718331578447,0.18687584313236358,9.546235124134219,4.640440934606761,10.0,500.0,2000.0,-4.453565091474397,4.905794189527458
36.892384394864344,7.504739175619947,0.2910768744885194,0.7723795754780705,0.5739697582170424,0.20514147052969198,10.608492703002312,5.241651178786756,10.0,500.0,2000.0,-5.036509708257064,5.366841524215556
35.383625221779376,8.50033483481775,0.1462851330908811,1.6740624705085743,1.1610228414656931,0.22854690796261723,11.033991414950991,5.782274997201175,10.0,500.0,2000.0,-5.553728089238557,5.251716417749816
35.32681378485862,8.852231613764879,0.7805199700852994,0.07656827985281978,1.796986897256684,0.23627187229339175,11.510765353702894,6.029853152652742,10.0,500.0,2000.0,-5.7935812803593505,5.480912201050152
35.05563497282133,7.6729192494900555,0.6622543823019904,1.8661773272400528,0.2096495485706542,0.24391953144333287,11.99100135315397,6.253331043911082,10.0,500.0,2000.0,-6.009411512467749,5.737670309242889
36.50066842275378,7.1783455846597635,1.3409761067999233,1.817630428455659,1.9229893264161841,0.35377297094256344,11.218435629897424,6.2636716450669425,10.0,500.0,2000.0,-5.9098986741243795,4.954763984830482
35.16678432298363,8.628584854006395,1.8437195923066794,0.536660541601846,1.3395457585373227,0.3220032421794176,14.508035767638747,7.939694569199821,10.0,500.0,2000.0,-7.617691327020403,6.568341198438926
36.70486734280362,8.13632790576187,1.183959482394528,1.4444104491845735,1.0271503344800892,0.47149156992029573,17.674592184805167,9.92355665606019,10.0,500.0,2000.0,-9.452065086139894,7.751035528744977
36.93863806391076,8.22895198884397,1.3987236548779165,0.8234473765601484,1.9673667120175589,0.5792025754676168,19.2047670378,11.554182592376694,10.0,500.0,2000.0,-10.974980016909077,7.650584445423306
36.317403448721,8.3386131089361,1.3709220623584741,1.635043208740973,1.3552667527400484,0.6222871403406002,19.773720528995447,11.5620913696153,10.0,500.0,2000.0,-10.939804229274701,8.211629159380147
35.02924844523474,7.566121576586426,1.5180630090213039,0.4508617436179623,1.7127909778481003,0.4710772321691963,19.98685744654402,11.883529629962608,10.0,500.0,2000.0,-11.41245239779341,8.10332781658141
35.04251269884744,7.647455992566991,1.9697685442185597,0.38840703003336596,1.2765881578465739,0.42239926864261046,20.56599328954769,11.919526321564865,10.0,500.0,2000.0,-11.497127052922254,8.646466967982827
35.96814630580044,7.607075090908218,1.0882348400006157,0.20627807269789103,0.539753946282228,0.32809246752673477,23.28265395810364,13.292723480391935,10.0,500.0,2000.0,-12.9646310128652,9.989930477711706
35.789270766359024,7.653445638157899,1.0229319385346367,0.4553212102826932,0.9388339451662187,0.43999789612598217,23.105883734332117,13.398114990038405,10.0,500.0,2000.0,-12.958117093912422,9.707768744293713
35.84888081035159,8.142364496906636,0.8161884778026318,0.01802862326155341,1.8009588725781758,0.48126184800473404,18.214511747929237,14.109272439310642,10.0,500.0,2000.0,-13.628010591305907,4.105239308618595
36.17653517457853,7.399225501272983,1.6306616378111192,0.21549014602694583,1.925180817349991,0.5323358739343692,23.660483837469524,14.659115375581326,10.0,500.0,2000.0,-14.126779501646956,9.001368461888198
36.52526835132506,7.903700594986083,1.4939083956468104,0.8267802977783933,1.6837723796830992,0.7497878985340111,24.615975035818025,14.955632092764496,10.0,500.0,2000.0,-14.205844194230485,9.660342943053529
35.60592513907071,8.088470323364097,1.971203123499012,0.031438665320493664,0.7273921067886349,0.3435012162348837,24.202404097984488,15.456792004534757,10.0,500.0,2000.0,-15.113290788299873,8.745612093449731
35.16735731085272,7.86920062837452,1.9342208065408018,0.3977154061955348,1.4902993764031465,0.6227553947695322,25.643850146346928,15.535968727918977,10.0,500.0,2000.0,-14.913213333149445,10.10788141842795
35.080928626050444,7.597471930230785,1.4157190945699607,0.14103154787289185,1.9923330705486826,0.5512599718676202,24.747277282344474,15.552171675130332,10.0,500.0,2000.0,-15.00091170326271,9.195105607214142
35.35127706636635,7.952971895705027,1.8587830248472532,0.02583802523811074,1.5293278862583133,0.46737821503556704,23.084165903972487,15.942273673492297,10.0,500.0,2000.0,-15.47489545845673,7.14189223048019
36.024971732291505,7.4898677444920105,1.9436724386630924,0.04972624328170494,1.7016318087204394,0.4564331321238957,25.526898648878806,16.101140197362778,10.0,500.0,2000.0,-15.644707065238881,9.425758451516028
35.5991393742025,7.987379418663076,0.15024268742390112,0.11122503388833538,1.6487792322263153,0.39898856570652014,25.632952656071016,16.516961263197732,10.0,500.0,2000.0,-16.11797269749121,9.115991392873283
35.35432983222412,7.932917312169222,1.391771305565387,0.8042322979619871,1.9082376023996197,0.9003443175546697,26.65786007374276,16.606826401026915,10.0,500.0,2000.0,-15.706482083472245,10.051033672715846
35.12702900025906,8.104742628815078,1.6848723158220582,0.6234438130461986,1.9452705661567282,0.8688449990469782,26.666322441852525,16.713915838948527,10.0,500.0,2000.0,-15.845070839901549,9.952406602903999
36.58094363739154,7.901036803647854,1.3707393140530328,0.3245312023523117,1.8046202666247786,0.7778555353297243,28.19471244705482,17.603389544654927,10.0,500.0,2000.0,-16.825534009325203,10.591322902399892
36.01629582723892,8.008988537703518,1.7972424065401151,0.33180818158267633,0.9066296062825474,0.6949282655831774,29.570920779414745,17.686252584092458,10.0,500.0,2000.0,-16.99132431850928,11.884668195322288
36.261746139655386,7.888633054907373,1.8061874666943016,0.03785894531568079,1.2292148443058912,0.45779775424920427,27.54272466480196,17.690458433778716,10.0,500.0,2000.0,-17.232660679529513,9.852266231023243
36.22885747537114,8.360300592909564,1.8092810459410145,0.5274176703681743,1.8957321478630544,0.887416396661744,28.267054530989764,17.712642755986664,10.0,500.0,2000.0,-16.82522635932492,10.5544117750031
36.198204157537006,8.219577426777661,1.9997353978921122,0.9685728513417313,1.8871376342745925,1.1487238977587602,28.248659147376745,17.74112811714906,10.0,500.0,2000.0,-16.5924042193903,10.507531030227685
35.708333320938294,7.562778522317324,1.8941558100784688,0.24613050743684095,1.9965491712911247,0.7596713885594658,27.984265198806607,17.809997805953284,10.0,500.0,2000.0,-17.05032641739382,10.174267392853324
35.402007447962404,7.761940676938073,1.7501342537333953,0.09604382946941548,1.472717696010382,0.5756262371863573,28.787767172957096,17.86934718509997,10.0,500.0,2000.0,-17.293720947913613,10.918419987857128
35.74909379107442,7.948715945051381,1.1960341148273288,0.6591975782701165,1.69951459397247,0.9483746259644427,29.063733087536132,18.06043348570185,10.0,500.0,2000.0,-17.112058859737406,11.003299601834282
35.83380937766741,8.1220799818609,1.720860217138802,1.0008845611425692,1.8876042458381743,1.1445798706483425,29.131270207869477,18.222433050494015,10.0,500.0,2000.0,-17.077853179845672,10.908837157375462
35.15633479050519,7.833301570934362,1.9565875694773105,0.2613684061920878,1.967272343594582,0.7576251269074528,28.783043111147915,18.273058691342868,10.0,500.0,2000.0,-17.515433564435416,10.509984419805047
35.413795100357625,7.991834834622052,1.5698258460442462,0.5946387183555351,1.8900519696305347,0.9796156898301731,29.112126771541462,18.32402965829207,10.0,500.0,2000.0,-17.344413968461897,10.788097113249393
35.75899410525147,7.762613863227189,1.6945147167638994,0.334645506378487,1.5973098599234872,0.7458364625891758,29.609523238198857,18.330363135467834,10.0,500.0,2000.0,-17.58452667287866,11.279160102731023
36.35276037734142,7.878381246575511,0.8885153058800308,0.23544812585975983,1.6012123054461989,0.6668701253831673,30.349503643157068,18.90083465531462,10.0,500.0,2000.0,-18.233964529931452,11.44866898784245
35.59958158598694,7.8336849944562745,1.4590272884883886,0.5306131666287119,1.969248611230977,1.0129359105553184,29.825074546883144,18.944610131165703,10.0,500.0,2000.0,-17.931674220610386,10.88046441571744
36.14792054332496,8.093556181649415,1.8598377316704786,0.8765843984168629,1.9289348112080498,1.2526318449914378,30.26885532795083,19.081517787999204,10.0,500.0,2000.0,-17.828885943007766,11.187337539951628
35.13645928735713,7.950731814419202,1.6148234549545848,0.17944220778839126,1.910488586314515,0.7428378825331682,30.246252534084995,19.228242160772975,10.0,500.0,2000.0,-18.485404278239805,11.01801037331202
36.15736783965971,8.290973412771176,1.807828601236252,0.43411415990190627,1.7945576409029733,0.9752378841435309,30.7543446280312,19.366538488425938,10.0,500.0,2000.0,-18.391300604282407,11.38780613960526
36.27888151497957,7.773687748590884,0.9097372370604373,0.03731543569507423,1.9278550069633134,0.5574511637267282,28.981265115138395,19.434155691048677,10.0,500.0,2000.0,-18.876704527321948,9.547109424089719
36.29881422598926,7.8838239618068595,0.9280578401044262,0.32396939741403785,1.8034844014177496,0.8764903926720046,31.05957909676158,19.65087636765987,10.0,500.0,2000.0,-18.774385974987865,11.408702729101712
36.263264016535366,8.156346661671641,1.9468702008723453,0.18781813164333494,1.2763721205573308,0.7410967317502818,31.96238280688269,19.691931076193857,10.0,500.0,2000.0,-18.950834344443575,12.270451730688833
35.88814765790475,7.6890363951239165,1.5635081197565126,0.13019137308109396,1.7301654599188794,0.6819896245566133,31.092121214512897,19.768063369338318,10.0,500.0,2000.0,-19.086073744781704,11.324057845174579
36.12435406663854,7.9786276711927675,0.9028624978015669,0.06793866214483812,1.2690436018342912,0.5237470104839157,31.797649861645386,19.8585813587737,10.0,500.0,2000.0,-19.334834348289785,11.939068502871685
35.578078899580746,8.068545736471519,1.6191919291868246,0.5513426826655017,1.9336991882825676,1.12329582027494,31.319436881403504,19.926849152168153,10.0,500.0,2000.0,-18.803553331893212,11.392587729235352
35.45393270023769,7.8251220432408894,1.879459367154608,0.14051141268744138,1.7699065515764694,0.7936683611072433,31.67412497336042,20.146413919127635,10.0,500.0,2000.0,-19.35274555802039,11.527711054232785
35.689009276229484,8.030882181217807,1.1368501493526209,0.06353033557606258,1.379187551918694,0.5505015806629574,31.868809213434087,20.185506462991707,10.0,500.0,2000.0,-19.63500488232875,11.68330275044238
36.02560214884293,8.130575097496282,1.6531015450746835,0.7259137923964336,1.9735078695839974,1.2994483718517713,31.715438277287305,20.21798228686102,10.0,500.0,2000.0,-18.91853391500925,11.497455990426285
35.66801832626731,7.922846434655422,1.4638638423269148,0.4133537111212633,1.8779264812730514,1.072484252691668,31.94228477834272,20.304851706753,10.0,500.0,2000.0,-19.23236745406133,11.637433071589722
36.028318849629734,8.304220449729442,1.6377647583365293,0.29040911970943384,1.7712237981587216,0.9257446498477186,32.12782866373654,20.31203589484987,10.0,500.0,2000.0,-19.386291245002152,11.815792768886666
35.72087614712398,8.088036310991729,1.94161824337367,0.24297764578166436,1.4602988635928964,0.889291261977242,32.947458469626426,20.469861634502106,10.0,500.0,2000.0,-19.580570372524864,12.47759683512432
36.03130582923191,7.845529018754371,1.2050268591672373,0.40933640135756155,1.919263458772933,1.033709263237156,32.09070906893574,20.489262457185873,10.0,500.0,2000.0,-19.455553193948717,11.601446611749864
35.98952276844626,7.855156932318003,1.4635102073530395,0.421035127693945,1.8876069803245563,1.0367500599911734,32.225533864381916,20.49365381059285,10.0,500.0,2000.0,-19.456903750601676,11.731880053789066
36.102596204796235,8.061861757441486,1.987093931727559,0.2709808761145889,1.432336118245088,0.9159035393779509,33.057015873309915,20.538888443184284,10.0,500.0,2000.0,-19.622984903806334,12.518127430125631
36.287974871539994,8.136746764441472,1.9349439091438483,0.2813749254436344,1.6183221089409607,0.920838291476193,32.657227335177105,20.548642973595673,10.0,500.0,2000.0,-19.62780468211948,12.108584361581432
35.69074081578292,8.082202218798285,1.4573458505642836,0.5659484203733782,1.9994314025189324,1.2291022387275055,32.28207769183151,20.598322302819795,10.0,500.0,2000.0,-19.36922006409229,11.683755389011715
35.849462729487584,7.698245668177245,1.7509898170643028,0.09848373363537566,1.8458122852632675,0.7562890220147312,31.9845350100422,20.62597219360358,10.0,500.0,2000.0,-19.86968317158885,11.35856281643862
36.245420405902024,8.279079554025584,1.4459599083611618,0.18915909263562058,1.761183681466086,0.8552288601363799,32.685601472199785,20.787113685173765,10.0,500.0,2000.0,-19.931884825037386,11.89848778702602
35.88844022834665,7.997637602349149,1.5337863778088148,0.48823158790976473,1.876983869779061,1.1806641075407227,32.71116193144894,20.839883412086564,10.0,500.0,2000.0,-19.659219304545843,11.871278519362377
35.92579170191705,8.13113905604727,1.9114077924237605,0.34800088426554665,1.6254916431527415,1.0244004089347458,33.32758952620499,20.912161327999996,10.0,500.0,2000.0,-19.88776091906525,12.415428198204992
35.55812259516311,7.804641338932261,1.0589668320200014,0.15351309883462316,1.950055792490657,0.8492255967099415,32.42535981178034,20.979913790693217,10.0,500.0,2000.0,-20.130688193983275,11.445446021087122
36.2967546063186,7.913001837912332,1.8650462350311343,0.063835769797431,1.6716550346486612,0.7074325663097799,32.76753158279694,21.099017941530107,10.0,500.0,2000.0,-20.391585375220327,11.668513641266834
35.959988802277195,8.065442772999768,1.3480204513754688,0.3623187196709905,1.7486150596052386,1.0796967208129433,33.51036249116496,21.261005710750112,10.0,500.0,2000.0,-20.18130898993717,12.24935678041485
36.06170019133161,8.223299858694006,1.9093371329680726,0.32963991153990935,1.785427018282081,1.1002025436529657,33.533319062829456,21.314385548100407,10.0,500.0,2000.0,-20.21418300444744,12.218933514729049
36.074622560426214,8.194663037600135,0.8783475979521982,0.3951152141788481,1.9857737682516206,1.110768007474098,33.42209099439941,21.468639957520892,10.0,500.0,2000.0,-20.357871950046793,11.95345103687852
35.89253919112472,7.937423268178667,1.7497357207154887,0.3149983279112667,1.7946749276813077,1.0818693355386337,33.748821752191624,21.49871882888778,10.0,500.0,2000.0,-20.416849493349147,12.250102923303842
36.32616703255518,8.006138200853751,1.4301741880798582,0.13710811682707313,1.6883125590134234,0.7995580255153955,33.723661190886986,21.499078360648756,10.0,500.0,2000.0,-20.69952033513336,12.22458283023823
35.97098554903467,8.106239898510879,1.76533269807702,0.44603562704298705,1.9034255141262788,1.2824496526018452,33.98148198691471,21.742862882848147,10.0,500.0,2000.0,-20.460413230246303,12.238619104066562
36.26218285906157,8.140051755129456,1.5065449670144315,0.17312664624114404,1.7035397731450037,0.9344946231794479,34.269299423163005,21.896172349968815,10.0,500.0,2000.0,-20.961677726789368,12.37312707319419
36.26071563266357,7.897969385227682,1.5909062268403833,0.2797200670066884,1.9925776999409512,1.1146158103409378,33.927871206560155,21.927978238521252,10.0,500.0,2000.0,-20.813362428180316,11.999892968038903
35.797412299918435,8.220988740451729,1.464666753349885,0.13878582909509674,1.7285003434084971,0.8839306283302849,34.513683421399705,22.099496399631633,10.0,500.0,2000.0,-21.21556577130135,12.414187021768072
35.988121849529044,7.84108584451166,1.8954712783675045,0.18062987387434748,1.8349409808126131,0.9523806999846551,34.54271677782725,22.206650463669845,10.0,500.0,2000.0,-21.25426976368519,12.336066314157407
35.68829308607746,8.016217519701554,1.1148739742965028,0.08846758551680955,1.7565957796838707,0.8041284328534603,34.56139193446679,22.352629257850484,10.0,500.0,2000.0,-21.548500824997024,12.208762676616306
36.02348621797495,8.133714452829231,1.8666607487538318,0.20058350365368183,1.708947194508372,1.0753783982443217,35.51814369731472,22.656350897059493,10.0,500.0,2000.0,-21.58097249881517,12.861792800255227
36.39708217447467,8.080203107739127,1.1881154554953595,0.10995899783689156,1.9824863793890661,0.9022447960363736,34.78106488163871,22.757096006792548,10.0,500.0,2000.0,-21.854851210756173,12.023968874846165
36.29945174688442,8.043685956819306,1.2635440877814827,0.06128754031029815,1.9617379773268981,0.831478820668239,34.68599637862705,23.01257700390226,10.0,500.0,2000.0,-22.18109818323402,11.673419374724794
36.06440782971697,7.966304072894168,1.480467767673342,0.2755345068771222,1.9795060609561284,1.2613479530147274,35.531735979164246,23.05521362378095,10.0,500.0,2000.0,-21.793865670766223,12.476522355383295
36.06733569829639,8.032851537147224,1.96090089496692,0.20821068800811537,1.8128673056609355,1.1461083968441077,35.92592347121368,23.131708908891742,10.0,500.0,2000.0,-21.985600512047633,12.794214562321937
36.06354052812406,8.157011918523665,1.5286237054598895,0.08236625001890396,1.7789729417462188,0.918177697683833,35.84598203607703,23.324901345730886,10.0,500.0,2000.0,-22.406723648047052,12.521080690346146
